time,Day,Harga Pasar,Curah Hujan,IsHarvestMonth,IsBigMonth
2023-01-01,Sunday,-,1.3,0,1
2023-01-02,Monday,"12,100",8.2,0,1
2023-01-03,Tuesday,"12,100",5.3,0,1
2023-01-04,Wednesday,"12,100",7.2,0,1
2023-01-05,Thursday,"12,100",8.5,0,1
2023-01-06,Friday,"12,100",2.5,0,1
2023-01-07,Saturday,-,25.9,0,1
2023-01-08,Sunday,-,3.6,0,0
2023-01-09,Monday,"12,100",12.4,0,0
2023-01-10,Tuesday,"12,100",20,0,0
2023-01-11,Wednesday,"12,100",5.7,0,0
2023-01-12,Thursday,"12,100",23,0,0
2023-01-13,Friday,"12,100",7.3,0,0
2023-01-14,Saturday,-,5.3,0,0
2023-01-15,Sunday,-,12.6,0,0
2023-01-16,Monday,"12,100",13.3,0,0
2023-01-17,Tuesday,"12,100",1,0,0
2023-01-18,Wednesday,"12,100",0.4,0,0
2023-01-19,Thursday,"12,100",5.5,0,0
2023-01-20,Friday,"12,100",10.9,0,0
2023-01-21,Saturday,-,39.4,0,0
2023-01-22,Sunday,-,24.9,0,0
2023-01-23,Monday,"12,100",15.3,0,0
2023-01-24,Tuesday,"12,100",6.2,0,0
2023-01-25,Wednesday,"12,100",5,0,0
2023-01-26,Thursday,"12,100",12.8,0,0
2023-01-27,Friday,"12,100",8.2,0,0
2023-01-28,Saturday,-,1.3,0,0
2023-01-29,Sunday,-,26.6,0,0
2023-01-30,Monday,"12,200",7.4,0,0
2023-01-31,Tuesday,"12,500",16.8,0,0
2023-02-01,Wednesday,"12,500",7.4,0,0
2023-02-02,Thursday,"12,500",15.9,0,0
2023-02-03,Friday,"12,500",14.6,0,0
2023-02-04,Saturday,-,8.8,0,0
2023-02-05,Sunday,-,8.8,0,0
2023-02-06,Monday,"12,500",8.2,0,0
2023-02-07,Tuesday,"12,500",2.4,0,0
2023-02-08,Wednesday,"12,500",11.4,0,0
2023-02-09,Thursday,"12,500",4.9,0,0
2023-02-10,Friday,"12,500",31.8,0,0
2023-02-11,Saturday,-,43.2,0,0
2023-02-12,Sunday,-,12.1,0,0
2023-02-13,Monday,"12,500",4.1,0,0
2023-02-14,Tuesday,"12,500",8.1,0,0
2023-02-15,Wednesday,"12,500",2.7,0,0
2023-02-16,Thursday,"12,500",3.8,0,0
2023-02-17,Friday,"12,500",1.1,0,0
2023-02-18,Saturday,-,13.3,0,0
2023-02-19,Sunday,-,21.7,0,0
2023-02-20,Monday,"12,500",3.1,0,0
2023-02-21,Tuesday,"12,500",7.1,0,0
2023-02-22,Wednesday,"12,500",9.2,0,0
2023-02-23,Thursday,"12,500",12.2,0,0
2023-02-24,Friday,"12,500",4.4,0,0
2023-02-25,Saturday,-,0.2,0,0
2023-02-26,Sunday,-,8.3,0,0
2023-02-27,Monday,"12,500",0.3,0,0
2023-02-28,Tuesday,"12,500",18.8,0,0
2023-03-01,Wednesday,"12,500",13.4,1,0
2023-03-02,Thursday,"12,500",8.2,1,0
2023-03-03,Friday,"12,500",27.8,1,0
2023-03-04,Saturday,-,2.4,1,0
2023-03-05,Sunday,-,5,1,0
2023-03-06,Monday,"12,500",2.6,1,0
2023-03-07,Tuesday,"12,500",0.4,1,0
2023-03-08,Wednesday,"12,500",0.5,1,0
2023-03-09,Thursday,"12,500",4.8,1,0
2023-03-10,Friday,"12,500",10.2,1,0
2023-03-11,Saturday,-,14.6,1,0
2023-03-12,Sunday,-,9.5,1,0
2023-03-13,Monday,"12,500",10.7,1,0
2023-03-14,Tuesday,"12,500",1.4,1,0
2023-03-15,Wednesday,"12,500",6.4,1,0
2023-03-16,Thursday,"12,500",1.8,1,0
2023-03-17,Friday,"12,500",2.9,1,0
2023-03-18,Saturday,-,1.7,1,0
2023-03-19,Sunday,-,0.2,1,0
2023-03-20,Monday,"12,500",4.3,1,0
2023-03-21,Tuesday,"12,500",2.5,1,0
2023-03-22,Wednesday,"12,500",5.1,1,0
2023-03-23,Thursday,"12,500",25.8,1,1
2023-03-24,Friday,"12,500",11.4,1,1
2023-03-25,Saturday,-,30.1,1,1
2023-03-26,Sunday,-,15.5,1,1
2023-03-27,Monday,"12,500",9.8,1,1
2023-03-28,Tuesday,"12,500",4.1,1,1
2023-03-29,Wednesday,"12,500",2.8,1,1
2023-03-30,Thursday,"12,500",3.3,1,1
2023-03-31,Friday,"12,500",2.3,1,1
2023-04-01,Saturday,-,3,1,1
2023-04-02,Sunday,-,5.9,1,1
2023-04-03,Monday,"12,500",4.2,1,1
2023-04-04,Tuesday,"12,500",0.7,1,1
2023-04-05,Wednesday,"12,500",20.2,1,1
2023-04-06,Thursday,"12,500",0,1,1
2023-04-07,Friday,-,18.9,1,1
2023-04-08,Saturday,-,3.1,1,1
2023-04-09,Sunday,-,9.1,1,1
2023-04-10,Monday,"12,500",3.8,1,1
2023-04-11,Tuesday,"12,500",3.5,1,1
2023-04-12,Wednesday,"12,500",1.9,1,1
2023-04-13,Thursday,"12,500",1.7,1,1
2023-04-14,Friday,"12,500",4.2,1,1
2023-04-15,Saturday,-,3.5,1,1
2023-04-16,Sunday,-,1.6,1,1
2023-04-17,Monday,"12,500",2.3,1,1
2023-04-18,Tuesday,"12,500",8,1,1
2023-04-19,Wednesday,"12,500",18.2,1,1
2023-04-20,Thursday,"12,500",4.7,1,1
2023-04-21,Friday,-,3.3,1,1
2023-04-22,Saturday,-,9.1,1,1
2023-04-23,Sunday,-,14.6,1,1
2023-04-24,Monday,"12,500",8.5,1,1
2023-04-25,Tuesday,"12,500",6.7,1,1
2023-04-26,Wednesday,"12,500",2.5,1,1
2023-04-27,Thursday,"12,500",20,1,1
2023-04-28,Friday,"12,500",13.4,1,1
2023-04-29,Saturday,-,12.7,1,1
2023-04-30,Sunday,-,15.7,1,1
2023-05-01,Monday,-,11.8,0,0
2023-05-02,Tuesday,"12,500",16.7,0,0
2023-05-03,Wednesday,"12,500",9.4,0,0
2023-05-04,Thursday,"12,500",21.2,0,0
2023-05-05,Friday,"12,500",11.4,0,0
2023-05-06,Saturday,-,17.2,0,0
2023-05-07,Sunday,-,16.9,0,0
2023-05-08,Monday,"12,500",6.8,0,0
2023-05-09,Tuesday,"12,500",0,0,0
2023-05-10,Wednesday,"12,500",4.9,0,0
2023-05-11,Thursday,"12,500",0.1,0,0
2023-05-12,Friday,"12,500",0.2,0,0
2023-05-13,Saturday,-,18.5,0,0
2023-05-14,Sunday,-,12.7,0,0
2023-05-15,Monday,"12,500",8.9,0,0
2023-05-16,Tuesday,"12,500",3.3,0,0
2023-05-17,Wednesday,"12,500",10.2,0,0
2023-05-18,Thursday,"12,500",19.8,0,0
2023-05-19,Friday,"12,500",4.4,0,0
2023-05-20,Saturday,-,22,0,0
2023-05-21,Sunday,-,6.4,0,0
2023-05-22,Monday,"12,500",16,0,0
2023-05-23,Tuesday,"12,500",9.8,0,0
2023-05-24,Wednesday,"12,500",6.4,0,0
2023-05-25,Thursday,"12,500",11.1,0,0
2023-05-26,Friday,"12,500",25.1,0,0
2023-05-27,Saturday,-,12.5,0,0
2023-05-28,Sunday,-,22,0,0
2023-05-29,Monday,"12,500",1.1,0,0
2023-05-30,Tuesday,"12,500",2.6,0,0
2023-05-31,Wednesday,"12,500",11.1,0,0
2023-06-01,Thursday,"12,500",4.4,0,0
2023-06-02,Friday,"12,500",0.8,0,0
2023-06-03,Saturday,-,8,0,0
2023-06-04,Sunday,-,3.2,0,0
2023-06-05,Monday,"12,500",26.4,0,0
2023-06-06,Tuesday,"12,500",17.6,0,0
2023-06-07,Wednesday,"12,500",4.8,0,0
2023-06-08,Thursday,"12,500",1,0,0
2023-06-09,Friday,"12,500",1.5,0,0
2023-06-10,Saturday,-,16.3,0,0
2023-06-11,Sunday,-,12.3,0,0
2023-06-12,Monday,"12,500",2.1,0,0
2023-06-13,Tuesday,"12,500",3.9,0,0
2023-06-14,Wednesday,"12,500",5.9,0,0
2023-06-15,Thursday,"12,500",2.1,0,0
2023-06-16,Friday,"12,500",4.6,0,0
2023-06-17,Saturday,-,24.4,0,0
2023-06-18,Sunday,-,3.8,0,0
2023-06-19,Monday,"12,500",1.5,0,0
2023-06-20,Tuesday,"12,500",0,0,0
2023-06-21,Wednesday,"12,500",3.7,0,0
2023-06-22,Thursday,"12,500",22.1,0,0
2023-06-23,Friday,"12,500",11.2,0,0
2023-06-24,Saturday,-,6.5,0,0
2023-06-25,Sunday,-,6.2,0,0
2023-06-26,Monday,"12,500",8.3,0,0
2023-06-27,Tuesday,"12,500",18.4,0,0
2023-06-28,Wednesday,"12,500",12.3,0,0
2023-06-29,Thursday,"12,500",13.6,0,0
2023-06-30,Friday,"12,500",24.8,0,0
2023-07-01,Saturday,-,6.9,1,0
2023-07-02,Sunday,-,0.1,1,0
2023-07-03,Monday,"12,500",0.1,1,0
2023-07-04,Tuesday,"12,500",4.9,1,0
2023-07-05,Wednesday,"12,500",2.3,1,0
2023-07-06,Thursday,"12,500",0.5,1,0
2023-07-07,Friday,"12,500",7.9,1,0
2023-07-08,Saturday,-,5.6,1,0
2023-07-09,Sunday,-,8.5,1,0
2023-07-10,Monday,"12,500",8.6,1,0
2023-07-11,Tuesday,"12,500",7.4,1,0
2023-07-12,Wednesday,"12,500",15.7,1,0
2023-07-13,Thursday,"12,500",19.9,1,0
2023-07-14,Friday,"12,500",0.3,1,0
2023-07-15,Saturday,-,0,1,0
2023-07-16,Sunday,-,1.5,1,0
2023-07-17,Monday,"12,500",11.4,1,0
2023-07-18,Tuesday,"12,500",7.5,1,0
2023-07-19,Wednesday,-,16.9,1,0
2023-07-20,Thursday,"12,500",7.7,1,0
2023-07-21,Friday,"12,500",20.4,1,0
2023-07-22,Saturday,-,15.3,1,0
2023-07-23,Sunday,-,17.4,1,0
2023-07-24,Monday,"12,500",0.4,1,0
2023-07-25,Tuesday,"12,500",8.8,1,0
2023-07-26,Wednesday,"12,500",6.4,1,0
2023-07-27,Thursday,"12,500",3.5,1,0
2023-07-28,Friday,"12,500",3.9,1,0
2023-07-29,Saturday,-,10.7,1,0
2023-07-30,Sunday,-,34.7,1,0
2023-07-31,Monday,"12,500",14.6,1,0
2023-08-01,Tuesday,"12,500",16.2,1,0
2023-08-02,Wednesday,"12,500",1.4,1,0
2023-08-03,Thursday,"12,500",1.7,1,0
2023-08-04,Friday,"12,500",1.1,1,0
2023-08-05,Saturday,-,17.8,1,0
2023-08-06,Sunday,-,8.7,1,0
2023-08-07,Monday,"12,500",18.9,1,0
2023-08-08,Tuesday,"12,600",6.4,1,0
2023-08-09,Wednesday,"12,800",16.8,1,0
2023-08-10,Thursday,"12,800",7.3,1,0
2023-08-11,Friday,"12,800",11.3,1,0
2023-08-12,Saturday,-,16,1,0
2023-08-13,Sunday,-,15.5,1,0
2023-08-14,Monday,"12,800",13.5,1,0
2023-08-15,Tuesday,"12,800",16.8,1,0
2023-08-16,Wednesday,"12,800",39.1,1,0
2023-08-17,Thursday,"12,800",22.4,1,0
2023-08-18,Friday,"12,800",7.7,1,0
2023-08-19,Saturday,-,15.3,1,0
2023-08-20,Sunday,-,1.6,1,0
2023-08-21,Monday,"12,800",6.9,1,0
2023-08-22,Tuesday,"12,800",13.5,1,0
2023-08-23,Wednesday,"12,800",12.5,1,0
2023-08-24,Thursday,"12,800",12.1,1,0
2023-08-25,Friday,"12,800",14.9,1,0
2023-08-26,Saturday,-,21.1,1,0
2023-08-27,Sunday,-,10.2,1,0
2023-08-28,Monday,"12,800",15.9,1,0
2023-08-29,Tuesday,"12,800",21.4,1,0
2023-08-30,Wednesday,"12,800",5.6,1,0
2023-08-31,Thursday,"13,200",13.7,1,0
2023-09-01,Friday,"13,200",10.1,0,0
2023-09-02,Saturday,-,6.1,0,0
2023-09-03,Sunday,-,9.6,0,0
2023-09-04,Monday,"13,200",19.3,0,0
2023-09-05,Tuesday,"13,200",28.8,0,0
2023-09-06,Wednesday,"13,250",8.5,0,0
2023-09-07,Thursday,"13,400",0,0,0
2023-09-08,Friday,"13,450",1.9,0,0
2023-09-09,Saturday,-,21.8,0,0
2023-09-10,Sunday,-,1.5,0,0
2023-09-11,Monday,"13,450",3,0,0
2023-09-12,Tuesday,"13,450",17.9,0,0
2023-09-13,Wednesday,"13,450",12.8,0,0
2023-09-14,Thursday,"13,450",5.5,0,0
2023-09-15,Friday,"13,550",11.8,0,0
2023-09-16,Saturday,-,12.5,0,0
2023-09-17,Sunday,-,20.2,0,0
2023-09-18,Monday,"13,550",9.1,0,0
2023-09-19,Tuesday,"13,550",19.4,0,0
2023-09-20,Wednesday,"13,550",15.6,0,0
2023-09-21,Thursday,"13,550",18.1,0,0
2023-09-22,Friday,"13,600",10.2,0,0
2023-09-23,Saturday,-,22.7,0,0
2023-09-24,Sunday,-,10.8,0,0
2023-09-25,Monday,"13,600",20.5,0,0
2023-09-26,Tuesday,"13,600",1,0,0
2023-09-27,Wednesday,"13,600",32.1,0,0
2023-09-28,Thursday,"13,600",0.4,0,0
2023-09-29,Friday,"13,600",22.9,0,0
2023-09-30,Saturday,-,5.1,0,0
2023-10-01,Sunday,-,9.3,0,0
2023-10-02,Monday,"13,600",20,0,0
2023-10-03,Tuesday,"13,600",15.6,0,0
2023-10-04,Wednesday,"13,600",6.9,0,0
2023-10-05,Thursday,"13,600",22.3,0,0
2023-10-06,Friday,"13,600",12.6,0,0
2023-10-07,Saturday,-,6.6,0,0
2023-10-08,Sunday,-,3.8,0,0
2023-10-09,Monday,"13,600",1.9,0,0
2023-10-10,Tuesday,"13,600",32.5,0,0
2023-10-11,Wednesday,"13,600",36,0,0
2023-10-12,Thursday,"13,600",9.4,0,0
2023-10-13,Friday,"13,600",20.3,0,0
2023-10-14,Saturday,-,36.8,0,0
2023-10-15,Sunday,-,32.7,0,0
2023-10-16,Monday,"13,600",36.8,0,0
2023-10-17,Tuesday,"13,600",15.7,0,0
2023-10-18,Wednesday,"13,600",17.7,0,0
2023-10-19,Thursday,"13,600",16.5,0,0
2023-10-20,Friday,"13,600",13.8,0,0
2023-10-21,Saturday,-,18.9,0,0
2023-10-22,Sunday,-,14.2,0,0
2023-10-23,Monday,"13,600",14.7,0,0
2023-10-24,Tuesday,"13,600",18,0,0
2023-10-25,Wednesday,"13,600",26.5,0,0
2023-10-26,Thursday,"13,600",24.4,0,0
2023-10-27,Friday,"13,600",26.6,0,0
2023-10-28,Saturday,-,17,0,0
2023-10-29,Sunday,-,16.8,0,0
2023-10-30,Monday,"13,600",13.7,0,0
2023-10-31,Tuesday,"13,600",17,0,0
2023-11-01,Wednesday,"13,600",25.8,0,0
2023-11-02,Thursday,"13,600",14.4,0,0
2023-11-03,Friday,"13,600",14.4,0,0
2023-11-04,Saturday,-,8.6,0,0
2023-11-05,Sunday,-,12.2,0,0
2023-11-06,Monday,"13,600",14.9,0,0
2023-11-07,Tuesday,"13,600",13.1,0,0
2023-11-08,Wednesday,"13,600",17.6,0,0
2023-11-09,Thursday,"13,600",14.9,0,0
2023-11-10,Friday,"13,600",2.7,0,0
2023-11-11,Saturday,-,17.6,0,0
2023-11-12,Sunday,-,32.5,0,0
2023-11-13,Monday,"13,600",22.5,0,0
2023-11-14,Tuesday,"13,600",18.2,0,0
2023-11-15,Wednesday,"13,600",22.8,0,0
2023-11-16,Thursday,"13,600",12.9,0,0
2023-11-17,Friday,"13,600",13.1,0,0
2023-11-18,Saturday,-,13.2,0,0
2023-11-19,Sunday,-,9.1,0,0
2023-11-20,Monday,"13,600",21.9,0,0
2023-11-21,Tuesday,"13,600",40.1,0,0
2023-11-22,Wednesday,"13,600",18.6,0,0
2023-11-23,Thursday,"13,600",38.8,0,0
2023-11-24,Friday,"13,600",11.9,0,0
2023-11-25,Saturday,-,18.7,0,0
2023-11-26,Sunday,-,25,0,0
2023-11-27,Monday,"13,600",18.4,0,0
2023-11-28,Tuesday,"13,600",33.4,0,0
2023-11-29,Wednesday,"13,600",14.5,0,0
2023-11-30,Thursday,"13,600",5.9,0,0
2023-12-01,Friday,"13,850",49.6,0,0
2023-12-02,Saturday,-,18.1,0,0
2023-12-03,Sunday,-,19.7,0,0
2023-12-04,Monday,"13,850",18.3,0,0
2023-12-05,Tuesday,"14,000",18.3,0,0
2023-12-06,Wednesday,"14,000",10.5,0,0
2023-12-07,Thursday,"14,000",10.6,0,0
2023-12-08,Friday,"14,000",1.6,0,0
2023-12-09,Saturday,-,12.2,0,0
2023-12-10,Sunday,-,9.3,0,0
2023-12-11,Monday,"14,000",25.7,0,0
2023-12-12,Tuesday,"14,000",18.3,0,0
2023-12-13,Wednesday,"14,000",28,0,0
2023-12-14,Thursday,"14,000",10.3,0,0
2023-12-15,Friday,"14,000",13.2,0,0
2023-12-16,Saturday,-,25.2,0,0
2023-12-17,Sunday,-,26.9,0,0
2023-12-18,Monday,"14,000",10.5,0,1
2023-12-19,Tuesday,"14,000",10.9,0,1
2023-12-20,Wednesday,"14,000",8.4,0,1
2023-12-21,Thursday,"14,000",11,0,1
2023-12-22,Friday,"14,000",23.6,0,1
2023-12-23,Saturday,-,29.7,0,1
2023-12-24,Sunday,-,30.6,0,1
2023-12-25,Monday,-,11.8,0,1
2023-12-26,Tuesday,-,24.9,0,1
2023-12-27,Wednesday,"14,000",9.2,0,1
2023-12-28,Thursday,"14,000",9.8,0,1
2023-12-29,Friday,"14,000",59.9,0,1
2023-12-30,Saturday,-,16.3,0,1
2023-12-31,Sunday,-,22.9,0,1
2024-01-01,Monday,"14,000",13.3,0,1
2024-01-02,Tuesday,"14,000",8.7,0,1
2024-01-03,Wednesday,"14,000",18.1,0,1
2024-01-04,Thursday,"14,000",5.4,0,1
2024-01-05,Friday,"14,000",7.4,0,1
2024-01-06,Saturday,-,6.9,0,1
2024-01-07,Sunday,-,30.2,0,1
2024-01-08,Monday,"14,000",8,0,0
2024-01-09,Tuesday,"14,000",20.3,0,0
2024-01-10,Wednesday,"14,000",20.1,0,0
2024-01-11,Thursday,"14,000",4.2,0,0
2024-01-12,Friday,"14,000",1.8,0,0
2024-01-13,Saturday,-,1.6,0,0
2024-01-14,Sunday,-,5.2,0,0
2024-01-15,Monday,"14,000",0.5,0,0
2024-01-16,Tuesday,"14,000",4.2,0,0
2024-01-17,Wednesday,"14,000",20.5,0,0
2024-01-18,Thursday,"14,000",4.7,0,0
2024-01-19,Friday,"14,000",4.2,0,0
2024-01-20,Saturday,-,11.8,0,0
2024-01-21,Sunday,-,0.7,0,0
2024-01-22,Monday,"14,000",0,0,0
2024-01-23,Tuesday,"14,000",12.6,0,0
2024-01-24,Wednesday,"14,300",23.7,0,0
2024-01-25,Thursday,"14,300",40.7,0,0
2024-01-26,Friday,"14,300",49.7,0,0
2024-01-27,Saturday,-,37.6,0,0
2024-01-28,Sunday,-,4.7,0,0
2024-01-29,Monday,"14,300",3.5,0,0
2024-01-30,Tuesday,"14,350",3.7,0,0
2024-01-31,Wednesday,"14,350",1.1,0,0
2024-02-01,Thursday,"14,350",2.8,0,0
2024-02-02,Friday,"14,350",9.1,0,0
2024-02-03,Saturday,-,10.7,0,0
2024-02-04,Sunday,-,0.5,0,0
2024-02-05,Monday,"14,350",0.3,0,0
2024-02-06,Tuesday,"14,350",0.8,0,0
2024-02-07,Wednesday,"14,350",1.2,0,0
2024-02-08,Thursday,"14,350",7.1,0,0
2024-02-09,Friday,"14,350",5.9,0,0
2024-02-10,Saturday,-,0.9,0,0
2024-02-11,Sunday,-,4.3,0,0
2024-02-12,Monday,"14,350",4.3,0,0
2024-02-13,Tuesday,"14,350",0.6,0,0
2024-02-14,Wednesday,"14,350",1.3,0,0
2024-02-15,Thursday,"14,350",33.8,0,0
2024-02-16,Friday,"14,350",3.3,0,0
2024-02-17,Saturday,-,5.6,0,0
2024-02-18,Sunday,-,11.7,0,0
2024-02-19,Monday,"14,350",22.4,0,0
2024-02-20,Tuesday,"14,350",30.9,0,0
2024-02-21,Wednesday,"14,350",4.5,0,0
2024-02-22,Thursday,"14,350",4.7,0,0
2024-02-23,Friday,"14,200",19.3,0,0
2024-02-24,Saturday,-,3.9,0,0
2024-02-25,Sunday,-,5.1,0,0
2024-02-26,Monday,"14,200",5.9,0,0
2024-02-27,Tuesday,"14,200",4.3,0,0
2024-02-28,Wednesday,"14,200",0.6,0,0
2024-02-29,Thursday,"14,200",10.5,0,0
2024-03-01,Friday,"14,200",1.4,1,0
2024-03-02,Saturday,-,9.8,1,0
2024-03-03,Sunday,-,5.3,1,0
2024-03-04,Monday,"14,200",8.6,1,0
2024-03-05,Tuesday,"14,200",12.1,1,0
2024-03-06,Wednesday,"14,200",0.3,1,0
2024-03-07,Thursday,"14,200",11.8,1,0
2024-03-08,Friday,"14,200",16.6,1,0
2024-03-09,Saturday,-,4.3,1,0
2024-03-10,Sunday,-,11.8,1,0
2024-03-11,Monday,"14,200",4.8,1,0
2024-03-12,Tuesday,"14,200",0,1,1
2024-03-13,Wednesday,"14,200",0,1,1
2024-03-14,Thursday,"14,200",0.7,1,1
2024-03-15,Friday,"14,200",0.1,1,1
2024-03-16,Saturday,-,8.7,1,1
2024-03-17,Sunday,-,0.4,1,1
2024-03-18,Monday,"14,200",2.5,1,1
2024-03-19,Tuesday,"14,200",4.8,1,1
2024-03-20,Wednesday,"14,200",12,1,1
2024-03-21,Thursday,"14,200",8.3,1,1
2024-03-22,Friday,"14,200",6.5,1,1
2024-03-23,Saturday,-,1.7,1,1
2024-03-24,Sunday,-,10.1,1,1
2024-03-25,Monday,"14,200",12.8,1,1
2024-03-26,Tuesday,"14,200",12.5,1,1
2024-03-27,Wednesday,"14,200",6.5,1,1
2024-03-28,Thursday,"14,200",8,1,1
2024-03-29,Friday,"14,200",6.7,1,1
2024-03-30,Saturday,-,20.9,1,1
2024-03-31,Sunday,-,12.2,1,1
2024-04-01,Monday,"14,200",14.8,1,1
2024-04-02,Tuesday,"14,200",5.3,1,1
2024-04-03,Wednesday,"14,200",12.7,1,1
2024-04-04,Thursday,"14,200",12,1,1
2024-04-05,Friday,"14,200",3.5,1,1
2024-04-06,Saturday,-,2.2,1,1
2024-04-07,Sunday,-,0.5,1,1
2024-04-08,Monday,"14,200",14.9,1,1
2024-04-09,Tuesday,"14,200",17.6,1,1
2024-04-10,Wednesday,"14,200",3,1,1
2024-04-11,Thursday,"14,200",5.7,1,1
2024-04-12,Friday,"14,200",3.8,1,1
2024-04-13,Saturday,-,0.4,1,1
2024-04-14,Sunday,-,3.7,1,1
2024-04-15,Monday,"14,200",6.2,1,1
2024-04-16,Tuesday,"14,200",24.4,1,1
2024-04-17,Wednesday,"14,200",22.8,1,1
2024-04-18,Thursday,"14,200",22.8,1,1
2024-04-19,Friday,"14,200",21.5,1,0
2024-04-20,Saturday,-,2.4,1,0
2024-04-21,Sunday,-,12.8,1,0
2024-04-22,Monday,"14,200",13.4,1,0
2024-04-23,Tuesday,"14,200",9.1,1,0
2024-04-24,Wednesday,"14,200",7.7,1,0
2024-04-25,Thursday,"14,200",20.5,1,0
2024-04-26,Friday,"14,200",6.6,1,0
2024-04-27,Saturday,-,5.3,1,0
2024-04-28,Sunday,-,23.2,1,0
2024-04-29,Monday,"14,200",11.4,1,0
2024-04-30,Tuesday,"14,200",6.1,1,0
2024-05-01,Wednesday,"14,200",18.2,0,0
2024-05-02,Thursday,"14,200",10,0,0
2024-05-03,Friday,"14,200",12.2,0,0
2024-05-04,Saturday,-,7.5,0,0
2024-05-05,Sunday,-,1.9,0,0
2024-05-06,Monday,"14,200",5.7,0,0
2024-05-07,Tuesday,"14,200",27.6,0,0
2024-05-08,Wednesday,"14,200",1.5,0,0
2024-05-09,Thursday,"14,200",3.7,0,0
2024-05-10,Friday,"14,200",10.7,0,0
2024-05-11,Saturday,-,12.9,0,0
2024-05-12,Sunday,-,5.1,0,0
2024-05-13,Monday,"14,200",11.4,0,0
2024-05-14,Tuesday,"14,200",8.4,0,0
2024-05-15,Wednesday,"14,200",11.5,0,0
2024-05-16,Thursday,"14,200",15.9,0,0
2024-05-17,Friday,"14,200",18.8,0,0
2024-05-18,Saturday,-,3.8,0,0
2024-05-19,Sunday,-,33.6,0,0
2024-05-20,Monday,"14,200",38.6,0,0
2024-05-21,Tuesday,"14,200",14.2,0,0
2024-05-22,Wednesday,"14,200",9.1,0,0
2024-05-23,Thursday,"14,200",12.6,0,0
2024-05-24,Friday,"14,200",1.1,0,0
2024-05-25,Saturday,-,0.3,0,0
2024-05-26,Sunday,-,0.7,0,0
2024-05-27,Monday,"14,200",0,0,0
2024-05-28,Tuesday,"14,200",31.7,0,0
2024-05-29,Wednesday,"14,200",16.8,0,0
2024-05-30,Thursday,"14,200",6.8,0,0
2024-05-31,Friday,"14,200",1.5,0,0
2024-06-01,Saturday,-,1.7,0,0
2024-06-02,Sunday,-,2.2,0,0
2024-06-03,Monday,"14,200",5.2,0,0
2024-06-04,Tuesday,"14,200",3.4,0,0
2024-06-05,Wednesday,"14,200",2.4,0,0
2024-06-06,Thursday,"14,200",11.2,0,0
2024-06-07,Friday,"14,200",23.6,0,0
2024-06-08,Saturday,-,8.4,0,0
2024-06-09,Sunday,-,4.7,0,0
2024-06-10,Monday,"14,200",0.8,0,0
2024-06-11,Tuesday,"14,200",13,0,0
2024-06-12,Wednesday,"14,200",17.5,0,0
2024-06-13,Thursday,"14,200",13,0,0
2024-06-14,Friday,"14,200",3.7,0,0
2024-06-15,Saturday,-,1.1,0,0
2024-06-16,Sunday,-,33,0,0
2024-06-17,Monday,"14,200",0.7,0,0
2024-06-18,Tuesday,"14,200",4.8,0,0
2024-06-19,Wednesday,"14,200",13.7,0,0
2024-06-20,Thursday,"14,200",14.5,0,0
2024-06-21,Friday,"14,200",20.5,0,0
2024-06-22,Saturday,-,1,0,0
2024-06-23,Sunday,-,0.1,0,0
2024-06-24,Monday,"14,200",13.6,0,0
2024-06-25,Tuesday,"14,200",10.7,0,0
2024-06-26,Wednesday,"14,200",9.5,0,0
2024-06-27,Thursday,"14,200",19.8,0,0
2024-06-28,Friday,"14,200",21.9,0,0
2024-06-29,Saturday,-,18.8,0,0
2024-06-30,Sunday,-,7.3,0,0
2024-07-01,Monday,"14,200",1.5,1,0
2024-07-02,Tuesday,"14,200",4.7,1,0
2024-07-03,Wednesday,"14,200",0.8,1,0
2024-07-04,Thursday,"14,200",6.9,1,0
2024-07-05,Friday,"14,200",15.6,1,0
2024-07-06,Saturday,-,10.9,1,0
2024-07-07,Sunday,-,13.8,1,0
2024-07-08,Monday,"14,200",6,1,0
2024-07-09,Tuesday,"14,200",31.5,1,0
2024-07-10,Wednesday,"14,200",4.8,1,0
2024-07-11,Thursday,"14,200",2.4,1,0
2024-07-12,Friday,"14,200",0.2,1,0
2024-07-13,Saturday,-,3.1,1,0
2024-07-14,Sunday,-,0.5,1,0
2024-07-15,Monday,"14,200",0.4,1,0
2024-07-16,Tuesday,"14,200",3.2,1,0
2024-07-17,Wednesday,"14,200",1.2,1,0
2024-07-18,Thursday,"14,200",0.8,1,0
2024-07-19,Friday,"14,200",4.4,1,0
2024-07-20,Saturday,-,0.5,1,0
2024-07-21,Sunday,-,0,1,0
2024-07-22,Monday,"14,200",0.1,1,0
2024-07-23,Tuesday,"14,200",0,1,0
2024-07-24,Wednesday,"14,200",0,1,0
2024-07-25,Thursday,"14,200",0,1,0
2024-07-26,Friday,"14,200",1.6,1,0
2024-07-27,Saturday,-,1.2,1,0
2024-07-28,Sunday,-,5.2,1,0
2024-07-29,Monday,"14,200",2.5,1,0
2024-07-30,Tuesday,"14,200",5.3,1,0
2024-07-31,Wednesday,"14,200",5.7,1,0
2024-08-01,Thursday,"14,200",17.6,1,0
2024-08-02,Friday,"14,200",11.6,1,0
2024-08-03,Saturday,-,29.8,1,0
2024-08-04,Sunday,-,10.5,1,0
2024-08-05,Monday,"14,200",33,1,0
2024-08-06,Tuesday,"14,200",18.6,1,0
2024-08-07,Wednesday,"14,200",16.5,1,0
2024-08-08,Thursday,"14,200",1.9,1,0
2024-08-09,Friday,"14,200",4.5,1,0
2024-08-10,Saturday,-,30.1,1,0
2024-08-11,Sunday,-,18.4,1,0
2024-08-12,Monday,"14,200",7.7,1,0
2024-08-13,Tuesday,"14,200",10.7,1,0
2024-08-14,Wednesday,"14,200",36,1,0
2024-08-15,Thursday,"14,200",22.4,1,0
2024-08-16,Friday,"14,200",11.6,1,0
2024-08-17,Saturday,-,19.1,1,0
2024-08-18,Sunday,-,42.4,1,0
2024-08-19,Monday,"14,200",25.8,1,0
2024-08-20,Tuesday,"14,200",23.4,1,0
2024-08-21,Wednesday,"14,200",7.8,1,0
2024-08-22,Thursday,"14,200",20.1,1,0
2024-08-23,Friday,"14,200",16.3,1,0
2024-08-24,Saturday,-,1.7,1,0
2024-08-25,Sunday,-,16.1,1,0
2024-08-26,Monday,"14,200",0.4,1,0
2024-08-27,Tuesday,"14,200",20.7,1,0
2024-08-28,Wednesday,"14,200",1.3,1,0
2024-08-29,Thursday,"14,200",7.3,1,0
2024-08-30,Friday,"14,200",31.3,1,0
2024-08-31,Saturday,-,19,1,0
2024-09-01,Sunday,-,7,0,0
2024-09-02,Monday,"14,200",5.6,0,0
2024-09-03,Tuesday,"14,200",1.9,0,0
2024-09-04,Wednesday,"14,200",26.1,0,0
2024-09-05,Thursday,"14,200",8.9,0,0
2024-09-06,Friday,"14,200",23.6,0,0
2024-09-07,Saturday,-,6.2,0,0
2024-09-08,Sunday,-,21.8,0,0
2024-09-09,Monday,"14,200",17.5,0,0
2024-09-10,Tuesday,"14,200",20.3,0,0
2024-09-11,Wednesday,"14,200",19.5,0,0
2024-09-12,Thursday,"14,200",16.5,0,0
2024-09-13,Friday,"14,200",26.4,0,0
2024-09-14,Saturday,-,13.4,0,0
2024-09-15,Sunday,-,16.4,0,0
2024-09-16,Monday,-,11.6,0,0
2024-09-17,Tuesday,"14,200",6.8,0,0
2024-09-18,Wednesday,"14,200",9.2,0,0
2024-09-19,Thursday,"14,200",0.1,0,0
2024-09-20,Friday,"14,200",8.8,0,0
2024-09-21,Saturday,-,2.6,0,0
2024-09-22,Sunday,-,4.4,0,0
2024-09-23,Monday,"14,200",9.3,0,0
2024-09-24,Tuesday,"14,200",23,0,0
2024-09-25,Wednesday,"14,200",3.3,0,0
2024-09-26,Thursday,"14,200",2.7,0,0
2024-09-27,Friday,"14,200",16.4,0,0
2024-09-28,Saturday,-,28.1,0,0
2024-09-29,Sunday,-,9.2,0,0
2024-09-30,Monday,"14,200",11.1,0,0
2024-10-01,Tuesday,"14,200",6,0,0
2024-10-02,Wednesday,"14,200",11.7,0,0
2024-10-03,Thursday,"14,200",18.7,0,0
2024-10-04,Friday,"14,200",32,0,0
2024-10-05,Saturday,-,6.9,0,0
2024-10-06,Sunday,-,14.9,0,0
2024-10-07,Monday,"14,200",30.5,0,0
2024-10-08,Tuesday,"14,200",38.7,0,0
2024-10-09,Wednesday,"14,200",35.6,0,0
2024-10-10,Thursday,"14,200",35.5,0,0
2024-10-11,Friday,"14,200",27.5,0,0
2024-10-12,Saturday,-,18,0,0
2024-10-13,Sunday,-,9.2,0,0
2024-10-14,Monday,"14,200",28,0,0
2024-10-15,Tuesday,"14,200",50.3,0,0
2024-10-16,Wednesday,"14,200",11.7,0,0
2024-10-17,Thursday,"14,200",24,0,0
2024-10-18,Friday,"14,050",5.7,0,0
2024-10-19,Saturday,-,13.4,0,0
2024-10-20,Sunday,-,0,0,0
2024-10-21,Monday,"14,050",0.2,0,0
2024-10-22,Tuesday,"14,050",0.4,0,0
2024-10-23,Wednesday,"14,050",1.6,0,0
2024-10-24,Thursday,"14,050",2.9,0,0
2024-10-25,Friday,"14,050",1.8,0,0
2024-10-26,Saturday,-,4.9,0,0
2024-10-27,Sunday,-,0.1,0,0
2024-10-28,Monday,"14,050",11.1,0,0
2024-10-29,Tuesday,"14,050",15.6,0,0
2024-10-30,Wednesday,"14,050",2.9,0,0
2024-10-31,Thursday,"14,050",26.3,0,0
2024-11-01,Friday,"14,050",13.2,0,0
2024-11-02,Saturday,-,13.8,0,0
2024-11-03,Sunday,-,11.9,0,0
2024-11-04,Monday,"14,050",18.3,0,0
2024-11-05,Tuesday,"14,050",11.1,0,0
2024-11-06,Wednesday,"14,050",23.1,0,0
2024-11-07,Thursday,"14,050",11.8,0,0
2024-11-08,Friday,"14,050",9.4,0,0
2024-11-09,Saturday,-,23.2,0,0
2024-11-10,Sunday,-,2.6,0,0
2024-11-11,Monday,"14,050",32.1,0,0
2024-11-12,Tuesday,"14,050",17.9,0,0
2024-11-13,Wednesday,"14,050",14.4,0,0
2024-11-14,Thursday,"14,050",37.5,0,0
2024-11-15,Friday,"14,050",16.6,0,0
2024-11-16,Saturday,-,28.7,0,0
2024-11-17,Sunday,-,22.5,0,0
2024-11-18,Monday,"14,050",15,0,0
2024-11-19,Tuesday,"14,050",38.6,0,0
2024-11-20,Wednesday,"14,050",20,0,0
2024-11-21,Thursday,"14,050",26.3,0,0
2024-11-22,Friday,"14,050",17,0,0
2024-11-23,Saturday,-,40.6,0,0
2024-11-24,Sunday,-,30.5,0,0
2024-11-25,Monday,"14,050",18.5,0,0
2024-11-26,Tuesday,"14,050",34.8,0,0
2024-11-27,Wednesday,-,22.1,0,0
2024-11-28,Thursday,"14,050",28.7,0,0
2024-11-29,Friday,"14,050",32.9,0,0
2024-11-30,Saturday,-,27,0,0
2024-12-01,Sunday,-,34.8,0,0
2024-12-02,Monday,"14,050",27.3,0,0
2024-12-03,Tuesday,"14,050",29.4,0,0
2024-12-04,Wednesday,"14,050",14.5,0,0
2024-12-05,Thursday,"14,050",3.2,0,0
2024-12-06,Friday,"14,050",3.4,0,0
2024-12-07,Saturday,-,0.1,0,0
2024-12-08,Sunday,-,12.4,0,0
2024-12-09,Monday,"14,450",14,0,0
2024-12-10,Tuesday,"14,450",31.7,0,0
2024-12-11,Wednesday,"14,450",15.3,0,0
2024-12-12,Thursday,"14,450",2.1,0,0
2024-12-13,Friday,"14,450",27.4,0,0
2024-12-14,Saturday,-,17.9,0,0
2024-12-15,Sunday,-,10.8,0,0
2024-12-16,Monday,"14,450",21.7,0,0
2024-12-17,Tuesday,"14,450",16.9,0,0
2024-12-18,Wednesday,"14,450",17.2,0,1
2024-12-19,Thursday,"14,450",12.9,0,1
2024-12-20,Friday,"14,450",19.4,0,1
2024-12-21,Saturday,-,15,0,1
2024-12-22,Sunday,-,6.8,0,1
2024-12-23,Monday,"14,450",16,0,1
2024-12-24,Tuesday,"14,450",32.7,0,1
2024-12-25,Wednesday,-,18.9,0,1
2024-12-26,Thursday,-,0.1,0,1
2024-12-27,Friday,"14,450",0.4,0,1
2024-12-28,Saturday,-,3,0,1
2024-12-29,Sunday,-,14.3,0,1
2024-12-30,Monday,"14,450",12.1,0,1
2024-12-31,Tuesday,"14,450",18.3,0,1
2025-01-01,Wednesday,"14,450",3.3,0,1
2025-01-02,Thursday,"14,450",5.9,0,1
2025-01-03,Friday,"14,450",18.3,0,1
2025-01-04,Saturday,-,23.7,0,1
2025-01-05,Sunday,-,25.6,0,1
2025-01-06,Monday,"14,450",55.5,0,1
2025-01-07,Tuesday,"14,450",14.2,0,1
2025-01-08,Wednesday,"14,450",21.7,0,0
2025-01-09,Thursday,"14,450",0.1,0,0
2025-01-10,Friday,"14,450",0.3,0,0
2025-01-11,Saturday,-,26.7,0,0
2025-01-12,Sunday,-,45.9,0,0
2025-01-13,Monday,"14,450",43.1,0,0
2025-01-14,Tuesday,"14,450",19.2,0,0
2025-01-15,Wednesday,"14,450",41.4,0,0
2025-01-16,Thursday,"14,450",22.3,0,0
2025-01-17,Friday,"14,450",8.6,0,0
2025-01-18,Saturday,-,12.1,0,0
2025-01-19,Sunday,-,18.9,0,0
2025-01-20,Monday,"14,450",2.2,0,0
2025-01-21,Tuesday,"14,450",1.9,0,0
2025-01-22,Wednesday,"14,450",4.6,0,0
2025-01-23,Thursday,"14,450",26.8,0,0
2025-01-24,Friday,"14,450",13.9,0,0
2025-01-25,Saturday,-,23,0,0
2025-01-26,Sunday,-,15.5,0,0
2025-01-27,Monday,"14,450",19.2,0,0
2025-01-28,Tuesday,"14,450",8.7,0,0
2025-01-29,Wednesday,"14,450",5.7,0,0
2025-01-30,Thursday,"14,450",7.5,0,0
2025-01-31,Friday,"14,450",10,0,0
2025-02-01,Saturday,-,0,0,0
2025-02-02,Sunday,-,1.6,0,0
2025-02-03,Monday,"14,450",0.9,0,0
2025-02-04,Tuesday,"14,450",0.8,0,0
2025-02-05,Wednesday,"14,450",0.7,0,0
2025-02-06,Thursday,"14,450",0.7,0,0
2025-02-07,Friday,"14,450",3.1,0,0
2025-02-08,Saturday,-,7.6,0,0
2025-02-09,Sunday,-,5.7,0,0
2025-02-10,Monday,"14,450",1.7,0,0
2025-02-11,Tuesday,"14,450",9.7,0,0
2025-02-12,Wednesday,"14,450",15.9,0,0
2025-02-13,Thursday,"14,450",15.2,0,0
2025-02-14,Friday,"14,450",27,0,0
2025-02-15,Saturday,-,28.1,0,0
2025-02-16,Sunday,-,17.8,0,0
2025-02-17,Monday,"14,450",2.9,0,0
2025-02-18,Tuesday,"14,450",0.9,0,0
2025-02-19,Wednesday,"14,450",4.7,0,0
2025-02-20,Thursday,"14,450",1.2,0,0
2025-02-21,Friday,"14,450",16,0,0
2025-02-22,Saturday,-,15,0,0
2025-02-23,Sunday,-,28.5,0,0
2025-02-24,Monday,"14,450",27.4,0,0
2025-02-25,Tuesday,"14,450",9.3,0,0
2025-02-26,Wednesday,"14,450",10.5,0,0
2025-02-27,Thursday,"14,450",35.8,0,0
2025-02-28,Friday,"14,450",37.5,0,0
2025-03-01,Saturday,-,3.6,1,1
2025-03-02,Sunday,-,1.6,1,1
2025-03-03,Monday,"14,450",2.7,1,1
2025-03-04,Tuesday,"14,450",1.1,1,1
2025-03-05,Wednesday,"14,450",24.4,1,1
2025-03-06,Thursday,"14,450",19.2,1,1
2025-03-07,Friday,"14,450",20.8,1,1
2025-03-08,Saturday,-,21.5,1,1
2025-03-09,Sunday,-,17.7,1,1
2025-03-10,Monday,"14,450",3.4,1,1
2025-03-11,Tuesday,"14,450",22.1,1,1
2025-03-12,Wednesday,"14,450",22.2,1,1
2025-03-13,Thursday,"14,450",17.8,1,1
2025-03-14,Friday,"14,450",33.3,1,1
2025-03-15,Saturday,-,12.6,1,1
2025-03-16,Sunday,-,4.2,1,1
2025-03-17,Monday,"14,450",0.2,1,1
2025-03-18,Tuesday,"14,450",2.6,1,1
2025-03-19,Wednesday,"14,450",5.5,1,1
2025-03-20,Thursday,"14,450",2,1,1
2025-03-21,Friday,"14,450",13.8,1,1
2025-03-22,Saturday,-,9.6,1,1
2025-03-23,Sunday,-,15.6,1,1
2025-03-24,Monday,"14,450",15.1,1,1
2025-03-25,Tuesday,"14,450",6.7,1,1
2025-03-26,Wednesday,"14,450",3.7,1,1
2025-03-27,Thursday,"14,450",26.1,1,1
2025-03-28,Friday,"14,450",13.4,1,1
2025-03-29,Saturday,-,7.1,1,1
2025-03-30,Sunday,-,16.7,1,1
2025-03-31,Monday,"14,450",24,1,1
2025-04-01,Tuesday,"14,450",11.5,1,1
2025-04-02,Wednesday,"14,450",19.8,1,1
2025-04-03,Thursday,"14,450",46,1,1
2025-04-04,Friday,"14,450",32.5,1,1
2025-04-05,Saturday,-,8.9,1,1
2025-04-06,Sunday,-,10.8,1,1
2025-04-07,Monday,"14,450",12.8,1,1
2025-04-08,Tuesday,"14,450",8.1,1,1
2025-04-09,Wednesday,"14,450",12.9,1,0
2025-04-10,Thursday,"14,450",17.8,1,0
2025-04-11,Friday,"14,450",37.1,1,0
2025-04-12,Saturday,-,15.8,1,0
2025-04-13,Sunday,-,1,1,0
2025-04-14,Monday,"14,450",5.2,1,0
2025-04-15,Tuesday,"14,450",3.4,1,0
2025-04-16,Wednesday,"14,450",1.9,1,0
2025-04-17,Thursday,"14,550",7.1,1,0
2025-04-18,Friday,"14,550",9.6,1,0
2025-04-19,Saturday,-,34,1,0
2025-04-20,Sunday,-,17.8,1,0
2025-04-21,Monday,"14,550",6.7,1,0
2025-04-22,Tuesday,"14,550",10.1,1,0
2025-04-23,Wednesday,"14,550",19.9,1,0
2025-04-24,Thursday,"14,550",7.7,1,0
2025-04-25,Friday,"14,550",13.5,1,0
2025-04-26,Saturday,-,6.7,1,0
2025-04-27,Sunday,-,17.5,1,0
2025-04-28,Monday,"14,550",18.6,1,0
2025-04-29,Tuesday,"14,700",8.9,1,0
2025-04-30,Wednesday,"14,700",21.3,1,0
2025-05-01,Thursday,"14,700",16.4,0,0
2025-05-02,Friday,"14,700",12.7,0,0
2025-05-03,Saturday,-,14.2,0,0
2025-05-04,Sunday,-,8.5,0,0
2025-05-05,Monday,"14,700",22.7,0,0
2025-05-06,Tuesday,"14,700",12.4,0,0
2025-05-07,Wednesday,"14,700",10.2,0,0
2025-05-08,Thursday,"14,700",8.6,0,0
2025-05-09,Friday,"14,700",6.1,0,0
2025-05-10,Saturday,-,7.4,0,0
2025-05-11,Sunday,-,14,0,0
2025-05-12,Monday,"14,700",6.4,0,0
2025-05-13,Tuesday,"14,700",10.3,0,0
2025-05-14,Wednesday,"14,700",4.5,0,0
2025-05-15,Thursday,"14,700",19.4,0,0
2025-05-16,Friday,"14,700",0.9,0,0
2025-05-17,Saturday,-,8.7,0,0
2025-05-18,Sunday,-,11.2,0,0
2025-05-19,Monday,"14,700",14.9,0,0
2025-05-20,Tuesday,"14,700",31.4,0,0
2025-05-21,Wednesday,"14,700",23.5,0,0
2025-05-22,Thursday,"14,700",6.2,0,0
2025-05-23,Friday,"14,700",7.7,0,0
2025-05-24,Saturday,-,9.4,0,0
2025-05-25,Sunday,-,0,0,0
2025-05-26,Monday,"14,800",19,0,0
2025-05-27,Tuesday,"14,800",1,0,0
2025-05-28,Wednesday,"14,800",13.2,0,0
2025-05-29,Thursday,"14,800",1.7,0,0
2025-05-30,Friday,"14,800",12.4,0,0
2025-05-31,Saturday,-,1.2,0,0
2025-06-01,Sunday,-,1.6,0,0
2025-06-02,Monday,"14,950",2.7,0,0
2025-06-03,Tuesday,"14,950",11,0,0
2025-06-04,Wednesday,"14,950",12,0,0
2025-06-05,Thursday,"14,950",23.6,0,0
2025-06-06,Friday,"14,950",2.6,0,0
2025-06-07,Saturday,-,8.2,0,0
2025-06-08,Sunday,-,7.4,0,0
2025-06-09,Monday,"14,950",17.5,0,0
2025-06-10,Tuesday,"14,950",1.7,0,0
2025-06-11,Wednesday,"14,950",0,0,0
2025-06-12,Thursday,"14,950",8.2,0,0
2025-06-13,Friday,"14,950",0.1,0,0
2025-06-14,Saturday,-,3.7,0,0
2025-06-15,Sunday,-,14.4,0,0
2025-06-16,Monday,"14,950",16.1,0,0
2025-06-17,Tuesday,"14,950",9.7,0,0
2025-06-18,Wednesday,"14,950",0,0,0
2025-06-19,Thursday,"14,950",1.6,0,0
2025-06-20,Friday,"14,950",0,0,0
2025-06-21,Saturday,-,1.8,0,0
2025-06-22,Sunday,-,5.1,0,0
2025-06-23,Monday,"14,950",7.8,0,0
2025-06-24,Tuesday,"14,950",0.6,0,0
2025-06-25,Wednesday,"14,950",0.6,0,0
2025-06-26,Thursday,"14,950",2.7,0,0
2025-06-27,Friday,"14,950",5.2,0,0
2025-06-28,Saturday,-,2.1,0,0
2025-06-29,Sunday,-,0.8,0,0
2025-06-30,Monday,"14,950",10.4,0,0
2025-07-01,Tuesday,"14,950",12.1,1,0
2025-07-02,Wednesday,"14,950",26.7,1,0
2025-07-03,Thursday,"14,950",11.7,1,0
2025-07-04,Friday,"14,950",0.2,1,0
2025-07-05,Saturday,-,14.3,1,0
2025-07-06,Sunday,-,1.2,1,0
2025-07-07,Monday,"14,950",5,1,0
2025-07-08,Tuesday,"14,950",10.5,1,0
2025-07-09,Wednesday,"14,950",0.2,1,0
2025-07-10,Thursday,"14,950",3.9,1,0
2025-07-11,Friday,"14,950",1.2,1,0
2025-07-12,Saturday,-,25.7,1,0
2025-07-13,Sunday,-,2.3,1,0
2025-07-14,Monday,"14,950",6.3,1,0
2025-07-15,Tuesday,"14,950",6.9,1,0
2025-07-16,Wednesday,"14,950",1.3,1,0
2025-07-17,Thursday,"14,950",0,1,0
2025-07-18,Friday,"14,950",0.2,1,0
2025-07-19,Saturday,-,0,1,0
2025-07-20,Sunday,-,0,1,0
2025-07-21,Monday,"15,050",0,1,0
2025-07-22,Tuesday,"15,200",0.2,1,0
2025-07-23,Wednesday,"15,250",0.2,1,0
2025-07-24,Thursday,"15,250",10.6,1,0
2025-07-25,Friday,"15,250",10.3,1,0
2025-07-26,Saturday,-,2.6,1,0
2025-07-27,Sunday,-,0.8,1,0
2025-07-28,Monday,"15,250",7.5,1,0
2025-07-29,Tuesday,"15,250",4.5,1,0
2025-07-30,Wednesday,"15,250",8.2,1,0
2025-07-31,Thursday,"15,250",0.4,1,0
2025-08-01,Friday,"15,250",7.5,1,0
2025-08-02,Saturday,-,3.4,1,0
2025-08-03,Sunday,-,2.4,1,0
2025-08-04,Monday,"15,250",10.4,1,0
2025-08-05,Tuesday,"15,250",3.3,1,0
2025-08-06,Wednesday,"15,250",10.1,1,0
2025-08-07,Thursday,"15,250",31,1,0
2025-08-08,Friday,"15,250",30.7,1,0
2025-08-09,Saturday,-,11.3,1,0
2025-08-10,Sunday,-,20.5,1,0
2025-08-11,Monday,"15,250",3.8,1,0
2025-08-12,Tuesday,"15,250",11,1,0
2025-08-13,Wednesday,"15,250",0.5,1,0
2025-08-14,Thursday,"15,250",32.7,1,0
2025-08-15,Friday,"15,250",3.1,1,0
2025-08-16,Saturday,-,0,1,0
2025-08-17,Sunday,-,0,1,0
2025-08-18,Monday,"15,250",0.8,1,0
2025-08-19,Tuesday,"15,150",3.6,1,0
2025-08-20,Wednesday,"15,150",3.8,1,0
2025-08-21,Thursday,"15,150",2.9,1,0
2025-08-22,Friday,"15,150",16.8,1,0
2025-08-23,Saturday,-,4.2,1,0
2025-08-24,Sunday,-,11.9,1,0
2025-08-25,Monday,"15,150",1.8,1,0
2025-08-26,Tuesday,"15,150",7.2,1,0
2025-08-27,Wednesday,"15,100",40.3,1,0
2025-08-28,Thursday,"15,100",10.2,1,0
2025-08-29,Friday,"15,100",13.1,1,0
2025-08-30,Saturday,-,11.9,1,0
2025-08-31,Sunday,-,6.8,1,0
2025-09-01,Monday,"15,100",13.6,0,0
2025-09-02,Tuesday,"15,100",7,0,0
2025-09-03,Wednesday,"15,100",18.1,0,0
2025-09-04,Thursday,"15,100",16.4,0,0
2025-09-05,Friday,"15,100",0.6,0,0
2025-09-06,Saturday,-,5.8,0,0
2025-09-07,Sunday,-,8.3,0,0
2025-09-08,Monday,"15,100",12.4,0,0
2025-09-09,Tuesday,"15,100",5,0,0
2025-09-10,Wednesday,"15,100",4,0,0
2025-09-11,Thursday,"15,000",2.8,0,0
2025-09-12,Friday,"15,000",22.7,0,0
2025-09-13,Saturday,-,5.3,0,0
2025-09-14,Sunday,-,33.3,0,0
2025-09-15,Monday,"15,000",23.9,0,0
2025-09-16,Tuesday,"15,000",14.3,0,0
2025-09-17,Wednesday,"15,000",6.3,0,0
2025-09-18,Thursday,"15,000",17.2,0,0
2025-09-19,Friday,"15,000",0.7,0,0
2025-09-20,Saturday,-,0.9,0,0
2025-09-21,Sunday,-,0.6,0,0
2025-09-22,Monday,"15,000",24.9,0,0
2025-09-23,Tuesday,"15,000",0.7,0,0
2025-09-24,Wednesday,"15,000",15.1,0,0
2025-09-25,Thursday,"15,000",0.2,0,0
2025-09-26,Friday,"15,000",16.7,0,0
2025-09-27,Saturday,-,19.1,0,0
2025-09-28,Sunday,-,3.4,0,0
2025-09-29,Monday,"15,000",20.3,0,0
2025-09-30,Tuesday,"15,000",1.5,0,0
2025-10-01,Wednesday,"15,000",12.4,0,0
2025-10-02,Thursday,"15,000",1.4,0,0
2025-10-03,Friday,"15,000",25.3,0,0
2025-10-04,Saturday,-,25.8,0,0
2025-10-05,Sunday,-,5.7,0,0
2025-10-06,Monday,"15,000",7.1,0,0
2025-10-07,Tuesday,"15,000",10.1,0,0
2025-10-08,Wednesday,"15,000",14.7,0,0
2025-10-09,Thursday,"15,000",9.5,0,0
2025-10-10,Friday,"15,000",26.8,0,0
2025-10-11,Saturday,-,36.6,0,0
2025-10-12,Sunday,-,31.6,0,0
2025-10-13,Monday,"15,000",21.3,0,0
2025-10-14,Tuesday,"15,000",16.1,0,0
2025-10-15,Wednesday,"15,000",7.7,0,0
2025-10-16,Thursday,"15,000",30.8,0,0
2025-10-17,Friday,"15,000",5.4,0,0
2025-10-18,Saturday,-,23.9,0,0
2025-10-19,Sunday,-,22.9,0,0
2025-10-20,Monday,"15,000",5.6,0,0
2025-10-21,Tuesday,"15,000",10.6,0,0
2025-10-22,Wednesday,"15,000",7.8,0,0
2025-10-23,Thursday,"15,000",6.1,0,0
2025-10-24,Friday,"15,000",6.2,0,0
2025-10-25,Saturday,-,21.8,0,0
2025-10-26,Sunday,-,0.7,0,0
2025-10-27,Monday,"15,000",3.4,0,0
2025-10-28,Tuesday,"15,000",1.5,0,0
2025-10-29,Wednesday,"15,000",1.3,0,0
2025-10-30,Thursday,"15,000",2.6,0,0
2025-10-31,Friday,"15,000",5,0,0
2025-11-01,Saturday,-,0.6,0,0
2025-11-02,Sunday,-,10.6,0,0
2025-11-03,Monday,"15,000",7.5,0,0
2025-11-04,Tuesday,"15,000",21.3,0,0
2025-11-05,Wednesday,"15,000",2,0,0
2025-11-06,Thursday,"15,000",4.4,0,0
2025-11-07,Friday,"15,000",6.4,0,0
2025-11-08,Saturday,-,12.6,0,0
2025-11-09,Sunday,-,6.4,0,0
2025-11-10,Monday,"15,000",46.8,0,0
2025-11-11,Tuesday,"15,000",9.4,0,0
2025-11-12,Wednesday,"15,000",12.6,0,0
2025-11-13,Thursday,"15,000",23.9,0,0
2025-11-14,Friday,"15,000",9.1,0,0
2025-11-15,Saturday,-,10.8,0,0
2025-11-16,Sunday,-,30.8,0,0
2025-11-17,Monday,"15,000",2.2,0,0
2025-11-18,Tuesday,"15,000",10.2,0,0
2025-11-19,Wednesday,"15,000",34.1,0,0
2025-11-20,Thursday,"15,000",21.3,0,0
2025-11-21,Friday,"15,000",25.9,0,0
2025-11-22,Saturday,-,11.1,0,0
2025-11-23,Sunday,-,15.3,0,0
2025-11-24,Monday,"15,000",41.1,0,0
2025-11-25,Tuesday,"15,000",106.9,0,0
2025-11-26,Wednesday,"15,000",84.7,0,0
2025-11-27,Thursday,"15,000",130.3,0,0
2025-11-28,Friday,"15,000",28.7,0,0
2025-11-29,Saturday,-,0.2,0,0
2025-11-30,Sunday,-,1.4,0,0
2025-12-01,Monday,"15,000",1.7,0,0
2025-12-02,Tuesday,"15,000",16.2,0,0
2025-12-03,Wednesday,"15,000",5.1,0,0
2025-12-04,Thursday,"15,000",6.3,0,0
2025-12-05,Friday,"15,000",8.6,0,0
2025-12-06,Saturday,-,20.4,0,0
2025-12-07,Sunday,-,39.8,0,0
2025-12-08,Monday,"15,050",8.3,0,0
2025-12-09,Tuesday,"15,050",10.4,0,0
2025-12-10,Wednesday,"15,050",1.2,0,0
2025-12-11,Thursday,"15,050",1.5,0,0
2025-12-12,Friday,"15,050",16.1,0,0
2025-12-13,Saturday,-,34.4,0,0
2025-12-14,Sunday,-,14.8,0,0
2025-12-15,Monday,"15,050",11.7,0,0
2025-12-16,Tuesday,"15,050",17.2,0,0
2025-12-17,Wednesday,"15,050",43.9,0,0
2025-12-18,Thursday,"15,050",14.2,0,1
2025-12-19,Friday,"15,050",30.5,0,1
2025-12-20,Saturday,-,11.3,0,1
2025-12-21,Sunday,-,7.8,0,1
2025-12-22,Monday,"15,150",7.5,0,1
2025-12-23,Tuesday,"15,150",0.9,0,1
2025-12-24,Wednesday,"15,150",3.6,0,1
2025-12-25,Thursday,"15,150",15.8,0,1
2025-12-26,Friday,"15,150",8.3,0,1
2025-12-27,Saturday,-,9.2,0,1
2025-12-28,Sunday,-,5.4,0,1
2025-12-29,Monday,"15,150",6.4,0,1
2025-12-30,Tuesday,"15,150",13.7,0,1
2025-12-31,Wednesday,"15,150",12.3,0,1