time,Day,Harga Pasar,Curah Hujan,IsHarvestMonth,IsBigMonth
2023-01-01,Sunday,12750,5.0,0,1
2023-01-02,Monday,12750,4.5,0,1
2023-01-03,Tuesday,12750,5.2,0,1
2023-01-04,Wednesday,12750,13.8,0,1
2023-01-05,Thursday,12750,13.7,0,1
2023-01-06,Friday,12750,13.3,0,1
2023-01-07,Saturday,12750,2.2,0,1
2023-01-08,Sunday,12749,2.3,0,0
2023-01-09,Monday,12750,10.6,0,0
2023-01-10,Tuesday,12750,5.6,0,0
2023-01-11,Wednesday,12750,0.9,0,0
2023-01-12,Thursday,12750,0.7,0,0
2023-01-13,Friday,12750,0.0,0,0
2023-01-14,Saturday,12822,2.2,0,0
2023-01-15,Sunday,12928,1.1,0,0
2023-01-16,Monday,13000,3.6,0,0
2023-01-17,Tuesday,13000,6.6,0,0
2023-01-18,Wednesday,13000,2.5,0,0
2023-01-19,Thursday,13000,2.7,0,0
2023-01-20,Friday,13000,4.6,0,0
2023-01-21,Saturday,13001,0.6,0,0
2023-01-22,Sunday,13001,3.4,0,0
2023-01-23,Monday,13000,0.8,0,0
2023-01-24,Tuesday,13000,2.0,0,0
2023-01-25,Wednesday,13000,20.4,0,0
2023-01-26,Thursday,13000,30.7,0,0
2023-01-27,Friday,13000,13.4,0,0
2023-01-28,Saturday,13001,18.2,0,0
2023-01-29,Sunday,13002,16.8,0,0
2023-01-30,Monday,13000,3.8,0,0
2023-01-31,Tuesday,13000,12.0,0,0
2023-02-01,Wednesday,13000,19.8,0,0
2023-02-02,Thursday,13000,3.8,0,0
2023-02-03,Friday,13000,14.6,0,0
2023-02-04,Saturday,13039,5.4,0,0
2023-02-05,Sunday,13116,12.1,0,0
2023-02-06,Monday,13250,1.4,0,0
2023-02-07,Tuesday,13400,15.4,0,0
2023-02-08,Wednesday,13400,17.7,0,0
2023-02-09,Thursday,13400,24.5,0,0
2023-02-10,Friday,13400,21.0,0,0
2023-02-11,Saturday,13333,23.6,0,0
2023-02-12,Sunday,13289,10.4,0,0
2023-02-13,Monday,13400,18.9,0,0
2023-02-14,Tuesday,13650,19.2,0,0
2023-02-15,Wednesday,13650,30.0,0,0
2023-02-16,Thursday,13650,38.5,0,0
2023-02-17,Friday,13650,40.3,0,0
2023-02-18,Saturday,13650,2.8,0,0
2023-02-19,Sunday,13650,12.9,0,0
2023-02-20,Monday,13650,5.5,0,0
2023-02-21,Tuesday,13650,4.0,0,0
2023-02-22,Wednesday,13650,3.6,0,0
2023-02-23,Thursday,13650,6.2,0,0
2023-02-24,Friday,13650,17.6,0,0
2023-02-25,Saturday,13650,18.5,0,0
2023-02-26,Sunday,13650,12.5,0,0
2023-02-27,Monday,13650,22.0,0,0
2023-02-28,Tuesday,13650,25.4,0,0
2023-03-01,Wednesday,13650,32.7,1,0
2023-03-02,Thursday,13650,36.4,1,0
2023-03-03,Friday,13650,1.1,1,0
2023-03-04,Saturday,13650,2.8,1,0
2023-03-05,Sunday,13650,5.8,1,0
2023-03-06,Monday,13650,3.4,1,0
2023-03-07,Tuesday,13650,4.7,1,0
2023-03-08,Wednesday,13650,5.0,1,0
2023-03-09,Thursday,13650,1.2,1,0
2023-03-10,Friday,13650,0.8,1,0
2023-03-11,Saturday,13650,0.7,1,0
2023-03-12,Sunday,13650,0.3,1,0
2023-03-13,Monday,13650,1.2,1,0
2023-03-14,Tuesday,13650,3.3,1,0
2023-03-15,Wednesday,13650,16.1,1,0
2023-03-16,Thursday,13650,19.3,1,0
2023-03-17,Friday,13650,12.6,1,0
2023-03-18,Saturday,13650,2.0,1,0
2023-03-19,Sunday,13650,9.6,1,0
2023-03-20,Monday,13650,15.0,1,0
2023-03-21,Tuesday,13650,6.9,1,0
2023-03-22,Wednesday,13650,26.8,1,0
2023-03-23,Thursday,13650,2.3,1,1
2023-03-24,Friday,13650,8.5,1,1
2023-03-25,Saturday,13650,11.1,1,1
2023-03-26,Sunday,13650,18.2,1,1
2023-03-27,Monday,13650,24.8,1,1
2023-03-28,Tuesday,13650,5.8,1,1
2023-03-29,Wednesday,13650,12.8,1,1
2023-03-30,Thursday,13650,6.7,1,1
2023-03-31,Friday,13650,0.0,1,1
2023-04-01,Saturday,13652,31.0,1,1
2023-04-02,Sunday,13652,13.8,1,1
2023-04-03,Monday,13650,13.5,1,1
2023-04-04,Tuesday,13650,2.7,1,1
2023-04-05,Wednesday,13650,0.5,1,1
2023-04-06,Thursday,13650,0.7,1,1
2023-04-07,Friday,14000,0.0,1,1
2023-04-08,Saturday,14057,2.8,1,1
2023-04-09,Sunday,13847,0.5,1,1
2023-04-10,Monday,13650,16.2,1,1
2023-04-11,Tuesday,13650,2.6,1,1
2023-04-12,Wednesday,13650,10.0,1,1
2023-04-13,Thursday,13650,20.4,1,1
2023-04-14,Friday,13650,1.3,1,1
2023-04-15,Saturday,13649,0.8,1,1
2023-04-16,Sunday,13650,0.0,1,1
2023-04-17,Monday,13650,0.5,1,1
2023-04-18,Tuesday,13650,8.4,1,1
2023-04-19,Wednesday,13650,0.5,1,1
2023-04-20,Thursday,13650,1.1,1,1
2023-04-21,Friday,13650,1.2,1,1
2023-04-22,Saturday,13650,31.0,1,1
2023-04-23,Sunday,13649,5.9,1,1
2023-04-24,Monday,13650,8.2,1,1
2023-04-25,Tuesday,13650,6.3,1,1
2023-04-26,Wednesday,13650,3.5,1,1
2023-04-27,Thursday,13650,9.5,1,1
2023-04-28,Friday,13650,10.8,1,1
2023-04-29,Saturday,13844,20.2,1,1
2023-04-30,Sunday,14055,1.7,1,1
2023-05-01,Monday,14000,17.2,0,0
2023-05-02,Tuesday,13650,13.2,0,0
2023-05-03,Wednesday,13650,14.6,0,0
2023-05-04,Thursday,13650,29.0,0,0
2023-05-05,Friday,13650,9.0,0,0
2023-05-06,Saturday,13652,8.7,0,0
2023-05-07,Sunday,13652,2.7,0,0
2023-05-08,Monday,13650,0.0,0,0
2023-05-09,Tuesday,13650,0.8,0,0
2023-05-10,Wednesday,13650,4.3,0,0
2023-05-11,Thursday,13650,14.4,0,0
2023-05-12,Friday,13650,1.7,0,0
2023-05-13,Saturday,13650,0.1,0,0
2023-05-14,Sunday,13650,0.0,0,0
2023-05-15,Monday,13650,0.0,0,0
2023-05-16,Tuesday,13650,0.0,0,0
2023-05-17,Wednesday,13650,0.0,0,0
2023-05-18,Thursday,13650,0.0,0,0
2023-05-19,Friday,13650,1.4,0,0
2023-05-20,Saturday,13650,0.1,0,0
2023-05-21,Sunday,13650,0.3,0,0
2023-05-22,Monday,13650,0.1,0,0
2023-05-23,Tuesday,13650,1.0,0,0
2023-05-24,Wednesday,13650,0.2,0,0
2023-05-25,Thursday,13650,0.6,0,0
2023-05-26,Friday,13650,0.1,0,0
2023-05-27,Saturday,13650,0.0,0,0
2023-05-28,Sunday,13650,0.0,0,0
2023-05-29,Monday,13650,0.0,0,0
2023-05-30,Tuesday,13650,0.0,0,0
2023-05-31,Wednesday,13650,1.2,0,0
2023-06-01,Thursday,13650,0.6,0,0
2023-06-02,Friday,13650,1.5,0,0
2023-06-03,Saturday,13650,1.0,0,0
2023-06-04,Sunday,13650,0.1,0,0
2023-06-05,Monday,13650,0.6,0,0
2023-06-06,Tuesday,13650,3.2,0,0
2023-06-07,Wednesday,13650,4.5,0,0
2023-06-08,Thursday,13650,6.6,0,0
2023-06-09,Friday,13650,0.0,0,0
2023-06-10,Saturday,13650,0.0,0,0
2023-06-11,Sunday,13650,1.8,0,0
2023-06-12,Monday,13650,6.7,0,0
2023-06-13,Tuesday,13650,0.0,0,0
2023-06-14,Wednesday,13650,0.0,0,0
2023-06-15,Thursday,13650,0.1,0,0
2023-06-16,Friday,13650,0.6,0,0
2023-06-17,Saturday,13650,2.4,0,0
2023-06-18,Sunday,13650,1.6,0,0
2023-06-19,Monday,13650,5.0,0,0
2023-06-20,Tuesday,13650,1.8,0,0
2023-06-21,Wednesday,13650,0.4,0,0
2023-06-22,Thursday,13650,1.0,0,0
2023-06-23,Friday,13650,2.8,0,0
2023-06-24,Saturday,13650,0.0,0,0
2023-06-25,Sunday,13650,0.1,0,0
2023-06-26,Monday,13650,1.7,0,0
2023-06-27,Tuesday,13650,0.9,0,0
2023-06-28,Wednesday,13650,2.2,0,0
2023-06-29,Thursday,13650,0.8,0,0
2023-06-30,Friday,13650,2.0,0,0
2023-07-01,Saturday,13650,2.8,1,0
2023-07-02,Sunday,13650,1.8,1,0
2023-07-03,Monday,13650,0.4,1,0
2023-07-04,Tuesday,13650,0.9,1,0
2023-07-05,Wednesday,13650,2.4,1,0
2023-07-06,Thursday,13650,3.7,1,0
2023-07-07,Friday,13650,33.1,1,0
2023-07-08,Saturday,13650,12.9,1,0
2023-07-09,Sunday,13650,0.8,1,0
2023-07-10,Monday,13650,0.3,1,0
2023-07-11,Tuesday,13650,0.0,1,0
2023-07-12,Wednesday,13650,0.0,1,0
2023-07-13,Thursday,13650,0.3,1,0
2023-07-14,Friday,13650,1.2,1,0
2023-07-15,Saturday,13649,0.3,1,0
2023-07-16,Sunday,13649,0.5,1,0
2023-07-17,Monday,13650,0.1,1,0
2023-07-18,Tuesday,13650,0.0,1,0
2023-07-19,Wednesday,13650,0.0,1,0
2023-07-20,Thursday,13650,0.0,1,0
2023-07-21,Friday,13650,0.7,1,0
2023-07-22,Saturday,13690,0.0,1,0
2023-07-23,Sunday,13715,0.0,1,0
2023-07-24,Monday,13650,0.0,1,0
2023-07-25,Tuesday,13500,0.0,1,0
2023-07-26,Wednesday,13500,0.1,1,0
2023-07-27,Thursday,13500,0.0,1,0
2023-07-28,Friday,13500,0.0,1,0
2023-07-29,Saturday,13495,0.0,1,0
2023-07-30,Sunday,13496,0.0,1,0
2023-07-31,Monday,13500,0.0,1,0
2023-08-01,Tuesday,13500,0.0,1,0
2023-08-02,Wednesday,13500,0.0,1,0
2023-08-03,Thursday,13500,0.0,1,0
2023-08-04,Friday,13500,0.3,1,0
2023-08-05,Saturday,13500,0.0,1,0
2023-08-06,Sunday,13500,2.8,1,0
2023-08-07,Monday,13500,0.5,1,0
2023-08-08,Tuesday,13500,0.0,1,0
2023-08-09,Wednesday,13500,0.0,1,0
2023-08-10,Thursday,13500,0.0,1,0
2023-08-11,Friday,13500,0.0,1,0
2023-08-12,Saturday,13501,0.0,1,0
2023-08-13,Sunday,13501,0.0,1,0
2023-08-14,Monday,13500,0.0,1,0
2023-08-15,Tuesday,13500,0.0,1,0
2023-08-16,Wednesday,13500,0.5,1,0
2023-08-17,Thursday,13500,1.2,1,0
2023-08-18,Friday,13500,0.0,1,0
2023-08-19,Saturday,13434,0.0,1,0
2023-08-20,Sunday,13391,0.0,1,0
2023-08-21,Monday,13500,0.0,1,0
2023-08-22,Tuesday,13750,0.0,1,0
2023-08-23,Wednesday,13750,0.0,1,0
2023-08-24,Thursday,13750,0.0,1,0
2023-08-25,Friday,14000,0.0,1,0
2023-08-26,Saturday,14082,0.0,1,0
2023-08-27,Sunday,13997,0.7,1,0
2023-08-28,Monday,13900,0.3,1,0
2023-08-29,Tuesday,13900,0.0,1,0
2023-08-30,Wednesday,13900,0.0,1,0
2023-08-31,Thursday,13900,0.0,1,0
2023-09-01,Friday,13900,0.5,0,0
2023-09-02,Saturday,13907,0.0,0,0
2023-09-03,Sunday,13912,0.6,0,0
2023-09-04,Monday,13900,0.3,0,0
2023-09-05,Tuesday,13900,0.0,0,0
2023-09-06,Wednesday,14000,0.0,0,0
2023-09-07,Thursday,14000,0.1,0,0
2023-09-08,Friday,14000,0.0,0,0
2023-09-09,Saturday,14000,0.0,0,0
2023-09-10,Sunday,13997,0.2,0,0
2023-09-11,Monday,14000,0.1,0,0
2023-09-12,Tuesday,14000,0.3,0,0
2023-09-13,Wednesday,14000,1.1,0,0
2023-09-14,Thursday,14150,1.3,0,0
2023-09-15,Friday,14150,0.3,0,0
2023-09-16,Saturday,14160,0.2,0,0
2023-09-17,Sunday,14209,0.4,0,0
2023-09-18,Monday,14250,0.2,0,0
2023-09-19,Tuesday,14250,0.2,0,0
2023-09-20,Wednesday,14250,0.3,0,0
2023-09-21,Thursday,14250,0.0,0,0
2023-09-22,Friday,14250,0.0,0,0
2023-09-23,Saturday,14250,0.1,0,0
2023-09-24,Sunday,14251,0.0,0,0
2023-09-25,Monday,14250,0.2,0,0
2023-09-26,Tuesday,14250,0.7,0,0
2023-09-27,Wednesday,14250,0.6,0,0
2023-09-28,Thursday,14250,0.2,0,0
2023-09-29,Friday,14250,0.5,0,0
2023-09-30,Saturday,14250,1.5,0,0
2023-10-01,Sunday,14250,1.5,0,0
2023-10-02,Monday,14250,1.7,0,0
2023-10-03,Tuesday,14250,2.1,0,0
2023-10-04,Wednesday,14250,0.7,0,0
2023-10-05,Thursday,14250,0.4,0,0
2023-10-06,Friday,14250,0.6,0,0
2023-10-07,Saturday,14250,1.0,0,0
2023-10-08,Sunday,14250,0.3,0,0
2023-10-09,Monday,14250,0.0,0,0
2023-10-10,Tuesday,14250,0.0,0,0
2023-10-11,Wednesday,14250,0.0,0,0
2023-10-12,Thursday,14250,0.0,0,0
2023-10-13,Friday,14250,1.3,0,0
2023-10-14,Saturday,14250,1.2,0,0
2023-10-15,Sunday,14250,0.0,0,0
2023-10-16,Monday,14250,0.0,0,0
2023-10-17,Tuesday,14250,0.2,0,0
2023-10-18,Wednesday,14250,0.1,0,0
2023-10-19,Thursday,14250,0.4,0,0
2023-10-20,Friday,14250,0.1,0,0
2023-10-21,Saturday,14250,0.0,0,0
2023-10-22,Sunday,14250,0.3,0,0
2023-10-23,Monday,14250,3.5,0,0
2023-10-24,Tuesday,14250,0.2,0,0
2023-10-25,Wednesday,14250,1.4,0,0
2023-10-26,Thursday,14250,0.3,0,0
2023-10-27,Friday,14250,1.9,0,0
2023-10-28,Saturday,14250,2.8,0,0
2023-10-29,Sunday,14250,0.7,0,0
2023-10-30,Monday,14250,1.9,0,0
2023-10-31,Tuesday,14250,1.8,0,0
2023-11-01,Wednesday,14250,1.0,0,0
2023-11-02,Thursday,14250,0.5,0,0
2023-11-03,Friday,14250,1.6,0,0
2023-11-04,Saturday,14249,2.6,0,0
2023-11-05,Sunday,14249,7.1,0,0
2023-11-06,Monday,14250,0.8,0,0
2023-11-07,Tuesday,14250,1.7,0,0
2023-11-08,Wednesday,14250,1.6,0,0
2023-11-09,Thursday,14250,0.8,0,0
2023-11-10,Friday,14250,0.0,0,0
2023-11-11,Saturday,14178,4.0,0,0
2023-11-12,Sunday,14137,6.2,0,0
2023-11-13,Monday,14250,5.4,0,0
2023-11-14,Tuesday,14500,15.9,0,0
2023-11-15,Wednesday,14500,30.4,0,0
2023-11-16,Thursday,14500,2.6,0,0
2023-11-17,Friday,14500,0.6,0,0
2023-11-18,Saturday,14500,0.1,0,0
2023-11-19,Sunday,14500,1.8,0,0
2023-11-20,Monday,14500,3.4,0,0
2023-11-21,Tuesday,14500,3.0,0,0
2023-11-22,Wednesday,14500,2.4,0,0
2023-11-23,Thursday,14500,4.9,0,0
2023-11-24,Friday,14500,11.4,0,0
2023-11-25,Saturday,14500,3.5,0,0
2023-11-26,Sunday,14500,0.2,0,0
2023-11-27,Monday,14500,7.5,0,0
2023-11-28,Tuesday,14500,13.7,0,0
2023-11-29,Wednesday,14500,5.3,0,0
2023-11-30,Thursday,14500,7.0,0,0
2023-12-01,Friday,14500,11.7,0,0
2023-12-02,Saturday,14500,7.2,0,0
2023-12-03,Sunday,14500,13.4,0,0
2023-12-04,Monday,14500,9.4,0,0
2023-12-05,Tuesday,14500,10.9,0,0
2023-12-06,Wednesday,14500,3.6,0,0
2023-12-07,Thursday,14500,0.8,0,0
2023-12-08,Friday,14500,0.9,0,0
2023-12-09,Saturday,14500,0.5,0,0
2023-12-10,Sunday,14500,9.6,0,0
2023-12-11,Monday,14500,0.1,0,0
2023-12-12,Tuesday,14500,0.0,0,0
2023-12-13,Wednesday,14500,14.8,0,0
2023-12-14,Thursday,14500,1.6,0,0
2023-12-15,Friday,14500,0.1,0,0
2023-12-16,Saturday,14500,0.0,0,0
2023-12-17,Sunday,14500,1.9,0,0
2023-12-18,Monday,14500,0.4,0,1
2023-12-19,Tuesday,14500,0.1,0,1
2023-12-20,Wednesday,14500,0.2,0,1
2023-12-21,Thursday,14500,0.0,0,1
2023-12-22,Friday,14500,0.8,0,1
2023-12-23,Saturday,14500,0.0,0,1
2023-12-24,Sunday,14500,0.0,0,1
2023-12-25,Monday,14500,2.2,0,1
2023-12-26,Tuesday,14500,1.7,0,1
2023-12-27,Wednesday,14500,6.9,0,1
2023-12-28,Thursday,14500,16.2,0,1
2023-12-29,Friday,14500,19.4,0,1
2023-12-30,Saturday,14501,12.8,0,1
2023-12-31,Sunday,14501,11.4,0,1
2024-01-01,Monday,14500,15.2,0,1
2024-01-02,Tuesday,14500,18.2,0,1
2024-01-03,Wednesday,14500,11.2,0,1
2024-01-04,Thursday,14500,16.8,0,1
2024-01-05,Friday,14500,15.0,0,1
2024-01-06,Saturday,14500,10.2,0,1
2024-01-07,Sunday,14500,21.7,0,1
2024-01-08,Monday,14500,12.1,0,0
2024-01-09,Tuesday,14500,9.2,0,0
2024-01-10,Wednesday,14500,21.6,0,0
2024-01-11,Thursday,14500,1.1,0,0
2024-01-12,Friday,14500,0.5,0,0
2024-01-13,Saturday,14499,2.1,0,0
2024-01-14,Sunday,14498,0.5,0,0
2024-01-15,Monday,14500,1.5,0,0
2024-01-16,Tuesday,14500,3.5,0,0
2024-01-17,Wednesday,14500,35.5,0,0
2024-01-18,Thursday,14500,36.7,0,0
2024-01-19,Friday,14500,31.0,0,0
2024-01-20,Saturday,14525,11.1,0,0
2024-01-21,Sunday,14566,6.9,0,0
2024-01-22,Monday,14650,3.6,0,0
2024-01-23,Tuesday,14750,4.1,0,0
2024-01-24,Wednesday,14750,14.6,0,0
2024-01-25,Thursday,14750,3.6,0,0
2024-01-26,Friday,14750,5.6,0,0
2024-01-27,Saturday,14750,9.3,0,0
2024-01-28,Sunday,14753,11.4,0,0
2024-01-29,Monday,14750,17.9,0,0
2024-01-30,Tuesday,14750,12.4,0,0
2024-01-31,Wednesday,14750,5.4,0,0
2024-02-01,Thursday,14750,8.9,0,0
2024-02-02,Friday,14750,13.6,0,0
2024-02-03,Saturday,14984,11.8,0,0
2024-02-04,Sunday,15353,24.0,0,0
2024-02-05,Monday,15650,6.4,0,0
2024-02-06,Tuesday,15750,11.9,0,0
2024-02-07,Wednesday,15750,22.4,0,0
2024-02-08,Thursday,15750,2.8,0,0
2024-02-09,Friday,15750,1.6,0,0
2024-02-10,Saturday,15826,20.1,0,0
2024-02-11,Sunday,15930,2.5,0,0
2024-02-12,Monday,16000,0.4,0,0
2024-02-13,Tuesday,16000,0.8,0,0
2024-02-14,Wednesday,16000,1.1,0,0
2024-02-15,Thursday,16000,2.1,0,0
2024-02-16,Friday,16000,4.3,0,0
2024-02-17,Saturday,16001,2.5,0,0
2024-02-18,Sunday,16000,1.2,0,0
2024-02-19,Monday,16000,8.0,0,0
2024-02-20,Tuesday,16000,5.9,0,0
2024-02-21,Wednesday,16000,7.0,0,0
2024-02-22,Thursday,16000,0.4,0,0
2024-02-23,Friday,16000,1.3,0,0
2024-02-24,Saturday,16000,20.9,0,0
2024-02-25,Sunday,16000,31.6,0,0
2024-02-26,Monday,16000,5.9,0,0
2024-02-27,Tuesday,16000,13.2,0,0
2024-02-28,Wednesday,16000,14.5,0,0
2024-02-29,Thursday,16000,13.1,0,0
2024-03-01,Friday,16000,21.3,1,0
2024-03-02,Saturday,16000,10.9,1,0
2024-03-03,Sunday,16000,2.3,1,0
2024-03-04,Monday,16000,18.4,1,0
2024-03-05,Tuesday,16000,3.9,1,0
2024-03-06,Wednesday,16000,13.2,1,0
2024-03-07,Thursday,16000,14.6,1,0
2024-03-08,Friday,16000,12.5,1,0
2024-03-09,Saturday,16000,38.0,1,0
2024-03-10,Sunday,16000,1.6,1,0
2024-03-11,Monday,16000,4.4,1,0
2024-03-12,Tuesday,16000,16.0,1,1
2024-03-13,Wednesday,16000,17.1,1,1
2024-03-14,Thursday,16000,20.7,1,1
2024-03-15,Friday,16000,12.1,1,1
2024-03-16,Saturday,15929,5.6,1,1
2024-03-17,Sunday,15823,9.2,1,1
2024-03-18,Monday,15750,1.0,1,1
2024-03-19,Tuesday,15750,0.4,1,1
2024-03-20,Wednesday,15750,0.4,1,1
2024-03-21,Thursday,15750,2.8,1,1
2024-03-22,Friday,15750,2.5,1,1
2024-03-23,Saturday,15750,1.8,1,1
2024-03-24,Sunday,15750,2.8,1,1
2024-03-25,Monday,15750,0.5,1,1
2024-03-26,Tuesday,15750,7.8,1,1
2024-03-27,Wednesday,15750,0.5,1,1
2024-03-28,Thursday,15750,11.1,1,1
2024-03-29,Friday,15750,4.6,1,1
2024-03-30,Saturday,15750,0.8,1,1
2024-03-31,Sunday,15750,1.1,1,1
2024-04-01,Monday,15750,4.4,1,1
2024-04-02,Tuesday,15750,14.0,1,1
2024-04-03,Wednesday,15750,6.9,1,1
2024-04-04,Thursday,15750,1.6,1,1
2024-04-05,Friday,15750,2.0,1,1
2024-04-06,Saturday,15750,0.1,1,1
2024-04-07,Sunday,15750,9.6,1,1
2024-04-08,Monday,15750,6.0,1,1
2024-04-09,Tuesday,15750,9.1,1,1
2024-04-10,Wednesday,15750,10.0,1,1
2024-04-11,Thursday,15750,5.8,1,1
2024-04-12,Friday,15750,3.5,1,1
2024-04-13,Saturday,15750,12.7,1,1
2024-04-14,Sunday,15750,16.9,1,1
2024-04-15,Monday,15750,1.1,1,1
2024-04-16,Tuesday,15750,1.0,1,1
2024-04-17,Wednesday,15750,9.9,1,1
2024-04-18,Thursday,15750,15.0,1,1
2024-04-19,Friday,15750,7.6,1,0
2024-04-20,Saturday,15750,29.9,1,0
2024-04-21,Sunday,15750,18.6,1,0
2024-04-22,Monday,15750,10.9,1,0
2024-04-23,Tuesday,15750,9.7,1,0
2024-04-24,Wednesday,15750,20.0,1,0
2024-04-25,Thursday,15750,21.1,1,0
2024-04-26,Friday,15750,11.6,1,0
2024-04-27,Saturday,15750,5.0,1,0
2024-04-28,Sunday,15750,2.2,1,0
2024-04-29,Monday,15750,0.0,1,0
2024-04-30,Tuesday,15750,1.0,1,0
2024-05-01,Wednesday,15750,0.3,0,0
2024-05-02,Thursday,15750,2.4,0,0
2024-05-03,Friday,15750,0.3,0,0
2024-05-04,Saturday,15750,0.3,0,0
2024-05-05,Sunday,15750,0.3,0,0
2024-05-06,Monday,15750,0.3,0,0
2024-05-07,Tuesday,15750,0.4,0,0
2024-05-08,Wednesday,15750,3.8,0,0
2024-05-09,Thursday,15750,3.4,0,0
2024-05-10,Friday,15750,2.2,0,0
2024-05-11,Saturday,15750,2.7,0,0
2024-05-12,Sunday,15750,2.1,0,0
2024-05-13,Monday,15750,0.3,0,0
2024-05-14,Tuesday,15750,0.5,0,0
2024-05-15,Wednesday,15750,1.5,0,0
2024-05-16,Thursday,15750,0.0,0,0
2024-05-17,Friday,15750,0.4,0,0
2024-05-18,Saturday,15713,0.6,0,0
2024-05-19,Sunday,15691,0.0,0,0
2024-05-20,Monday,15750,0.0,0,0
2024-05-21,Tuesday,15750,0.8,0,0
2024-05-22,Wednesday,15250,0.6,0,0
2024-05-23,Thursday,15250,0.4,0,0
2024-05-24,Friday,15250,15.2,0,0
2024-05-25,Saturday,15092,26.7,0,0
2024-05-26,Sunday,14885,0.0,0,0
2024-05-27,Monday,14750,0.3,0,0
2024-05-28,Tuesday,14750,1.1,0,0
2024-05-29,Wednesday,14750,0.2,0,0
2024-05-30,Thursday,14750,0.6,0,0
2024-05-31,Friday,14750,0.8,0,0
2024-06-01,Saturday,14750,5.2,0,0
2024-06-02,Sunday,14750,0.7,0,0
2024-06-03,Monday,14750,0.4,0,0
2024-06-04,Tuesday,14750,0.2,0,0
2024-06-05,Wednesday,14750,0.2,0,0
2024-06-06,Thursday,14750,2.3,0,0
2024-06-07,Friday,14750,2.4,0,0
2024-06-08,Saturday,14750,0.0,0,0
2024-06-09,Sunday,14750,6.8,0,0
2024-06-10,Monday,14750,0.6,0,0
2024-06-11,Tuesday,14750,3.8,0,0
2024-06-12,Wednesday,14750,1.2,0,0
2024-06-13,Thursday,14750,0.0,0,0
2024-06-14,Friday,14750,1.8,0,0
2024-06-15,Saturday,14750,1.7,0,0
2024-06-16,Sunday,14750,0.0,0,0
2024-06-17,Monday,14750,0.0,0,0
2024-06-18,Tuesday,14750,0.5,0,0
2024-06-19,Wednesday,14750,0.0,0,0
2024-06-20,Thursday,14750,0.0,0,0
2024-06-21,Friday,14750,0.0,0,0
2024-06-22,Saturday,14750,0.5,0,0
2024-06-23,Sunday,14750,1.4,0,0
2024-06-24,Monday,14750,2.5,0,0
2024-06-25,Tuesday,14750,1.9,0,0
2024-06-26,Wednesday,14750,0.1,0,0
2024-06-27,Thursday,14750,1.0,0,0
2024-06-28,Friday,14750,2.6,0,0
2024-06-29,Saturday,14750,3.1,0,0
2024-06-30,Sunday,14750,0.5,0,0
2024-07-01,Monday,14750,0.6,1,0
2024-07-02,Tuesday,14750,2.9,1,0
2024-07-03,Wednesday,14750,0.5,1,0
2024-07-04,Thursday,14750,16.9,1,0
2024-07-05,Friday,14750,0.4,1,0
2024-07-06,Saturday,14750,0.7,1,0
2024-07-07,Sunday,14750,0.8,1,0
2024-07-08,Monday,14750,0.5,1,0
2024-07-09,Tuesday,14750,0.0,1,0
2024-07-10,Wednesday,14750,0.2,1,0
2024-07-11,Thursday,14750,0.0,1,0
2024-07-12,Friday,14750,0.0,1,0
2024-07-13,Saturday,14750,0.0,1,0
2024-07-14,Sunday,14750,0.0,1,0
2024-07-15,Monday,14750,0.0,1,0
2024-07-16,Tuesday,14750,0.0,1,0
2024-07-17,Wednesday,14750,0.0,1,0
2024-07-18,Thursday,14750,0.0,1,0
2024-07-19,Friday,14750,0.0,1,0
2024-07-20,Saturday,14750,0.0,1,0
2024-07-21,Sunday,14750,0.0,1,0
2024-07-22,Monday,14750,0.0,1,0
2024-07-23,Tuesday,14750,0.3,1,0
2024-07-24,Wednesday,14750,0.9,1,0
2024-07-25,Thursday,14750,0.0,1,0
2024-07-26,Friday,14750,0.4,1,0
2024-07-27,Saturday,14750,0.2,1,0
2024-07-28,Sunday,14750,0.0,1,0
2024-07-29,Monday,14750,0.6,1,0
2024-07-30,Tuesday,14750,1.1,1,0
2024-07-31,Wednesday,14750,0.3,1,0
2024-08-01,Thursday,14750,1.3,1,0
2024-08-02,Friday,14750,3.3,1,0
2024-08-03,Saturday,14750,1.2,1,0
2024-08-04,Sunday,14750,1.1,1,0
2024-08-05,Monday,14750,0.0,1,0
2024-08-06,Tuesday,14750,0.0,1,0
2024-08-07,Wednesday,14750,0.2,1,0
2024-08-08,Thursday,14750,2.1,1,0
2024-08-09,Friday,14750,0.0,1,0
2024-08-10,Saturday,14750,0.0,1,0
2024-08-11,Sunday,14750,0.0,1,0
2024-08-12,Monday,14750,0.0,1,0
2024-08-13,Tuesday,14750,0.0,1,0
2024-08-14,Wednesday,14750,0.0,1,0
2024-08-15,Thursday,14750,0.0,1,0
2024-08-16,Friday,14750,0.0,1,0
2024-08-17,Saturday,14750,0.0,1,0
2024-08-18,Sunday,14750,0.0,1,0
2024-08-19,Monday,14750,0.0,1,0
2024-08-20,Tuesday,14750,0.0,1,0
2024-08-21,Wednesday,14750,0.0,1,0
2024-08-22,Thursday,14750,0.0,1,0
2024-08-23,Friday,14750,0.0,1,0
2024-08-24,Saturday,14750,0.9,1,0
2024-08-25,Sunday,14750,0.4,1,0
2024-08-26,Monday,14750,0.0,1,0
2024-08-27,Tuesday,14750,0.7,1,0
2024-08-28,Wednesday,14750,0.8,1,0
2024-08-29,Thursday,14750,0.2,1,0
2024-08-30,Friday,14750,0.1,1,0
2024-08-31,Saturday,14750,0.1,1,0
2024-09-01,Sunday,14750,0.4,0,0
2024-09-02,Monday,14750,0.0,0,0
2024-09-03,Tuesday,14750,0.9,0,0
2024-09-04,Wednesday,14750,1.0,0,0
2024-09-05,Thursday,14750,2.7,0,0
2024-09-06,Friday,14750,0.0,0,0
2024-09-07,Saturday,14750,0.2,0,0
2024-09-08,Sunday,14750,9.9,0,0
2024-09-09,Monday,14750,11.6,0,0
2024-09-10,Tuesday,14750,4.9,0,0
2024-09-11,Wednesday,14750,1.0,0,0
2024-09-12,Thursday,14750,0.2,0,0
2024-09-13,Friday,14750,0.3,0,0
2024-09-14,Saturday,14750,3.0,0,0
2024-09-15,Sunday,14750,0.2,0,0
2024-09-16,Monday,14750,1.9,0,0
2024-09-17,Tuesday,14750,0.1,0,0
2024-09-18,Wednesday,14750,0.0,0,0
2024-09-19,Thursday,14750,0.0,0,0
2024-09-20,Friday,14750,0.0,0,0
2024-09-21,Saturday,14750,0.0,0,0
2024-09-22,Sunday,14750,0.1,0,0
2024-09-23,Monday,14750,4.6,0,0
2024-09-24,Tuesday,14750,15.3,0,0
2024-09-25,Wednesday,14750,7.0,0,0
2024-09-26,Thursday,14750,10.3,0,0
2024-09-27,Friday,14750,1.1,0,0
2024-09-28,Saturday,14750,0.8,0,0
2024-09-29,Sunday,14750,0.1,0,0
2024-09-30,Monday,14750,1.6,0,0
2024-10-01,Tuesday,14750,2.3,0,0
2024-10-02,Wednesday,14750,0.5,0,0
2024-10-03,Thursday,14750,1.4,0,0
2024-10-04,Friday,14750,1.2,0,0
2024-10-05,Saturday,14750,2.0,0,0
2024-10-06,Sunday,14750,4.1,0,0
2024-10-07,Monday,14750,1.6,0,0
2024-10-08,Tuesday,14750,1.0,0,0
2024-10-09,Wednesday,14750,0.7,0,0
2024-10-10,Thursday,14750,2.9,0,0
2024-10-11,Friday,14750,1.2,0,0
2024-10-12,Saturday,14750,1.0,0,0
2024-10-13,Sunday,14750,1.4,0,0
2024-10-14,Monday,14750,0.2,0,0
2024-10-15,Tuesday,14750,0.4,0,0
2024-10-16,Wednesday,14750,0.0,0,0
2024-10-17,Thursday,14750,0.1,0,0
2024-10-18,Friday,14750,0.1,0,0
2024-10-19,Saturday,14750,12.9,0,0
2024-10-20,Sunday,14750,3.8,0,0
2024-10-21,Monday,14750,1.9,0,0
2024-10-22,Tuesday,14750,1.3,0,0
2024-10-23,Wednesday,14750,1.5,0,0
2024-10-24,Thursday,14750,1.2,0,0
2024-10-25,Friday,14750,3.4,0,0
2024-10-26,Saturday,14750,0.6,0,0
2024-10-27,Sunday,14750,1.0,0,0
2024-10-28,Monday,14750,1.1,0,0
2024-10-29,Tuesday,14750,0.0,0,0
2024-10-30,Wednesday,14750,7.5,0,0
2024-10-31,Thursday,14750,9.8,0,0
2024-11-01,Friday,14750,32.4,0,0
2024-11-02,Saturday,14750,8.5,0,0
2024-11-03,Sunday,14750,17.0,0,0
2024-11-04,Monday,14750,13.2,0,0
2024-11-05,Tuesday,14750,6.1,0,0
2024-11-06,Wednesday,14750,1.5,0,0
2024-11-07,Thursday,14750,9.6,0,0
2024-11-08,Friday,14750,4.8,0,0
2024-11-09,Saturday,14776,16.1,0,0
2024-11-10,Sunday,14794,16.6,0,0
2024-11-11,Monday,14750,11.3,0,0
2024-11-12,Tuesday,14650,12.9,0,0
2024-11-13,Wednesday,14650,6.0,0,0
2024-11-14,Thursday,14650,2.8,0,0
2024-11-15,Friday,14650,9.2,0,0
2024-11-16,Saturday,14650,19.3,0,0
2024-11-17,Sunday,14650,23.4,0,0
2024-11-18,Monday,14650,21.5,0,0
2024-11-19,Tuesday,14650,14.6,0,0
2024-11-20,Wednesday,14650,10.2,0,0
2024-11-21,Thursday,14650,21.8,0,0
2024-11-22,Friday,14650,35.5,0,0
2024-11-23,Saturday,14650,18.8,0,0
2024-11-24,Sunday,14650,14.6,0,0
2024-11-25,Monday,14650,8.9,0,0
2024-11-26,Tuesday,14650,4.5,0,0
2024-11-27,Wednesday,14650,10.9,0,0
2024-11-28,Thursday,14650,26.4,0,0
2024-11-29,Friday,14650,1.3,0,0
2024-11-30,Saturday,14650,15.8,0,0
2024-12-01,Sunday,14650,9.3,0,0
2024-12-02,Monday,14650,12.2,0,0
2024-12-03,Tuesday,14650,9.1,0,0
2024-12-04,Wednesday,14650,17.5,0,0
2024-12-05,Thursday,14650,5.9,0,0
2024-12-06,Friday,14650,13.0,0,0
2024-12-07,Saturday,14650,12.0,0,0
2024-12-08,Sunday,14650,22.0,0,0
2024-12-09,Monday,14650,10.1,0,0
2024-12-10,Tuesday,14650,48.0,0,0
2024-12-11,Wednesday,14650,23.1,0,0
2024-12-12,Thursday,14650,12.3,0,0
2024-12-13,Friday,14650,5.9,0,0
2024-12-14,Saturday,14650,19.7,0,0
2024-12-15,Sunday,14650,15.7,0,0
2024-12-16,Monday,14650,11.2,0,0
2024-12-17,Tuesday,14650,14.9,0,0
2024-12-18,Wednesday,14650,9.2,0,1
2024-12-19,Thursday,14650,3.4,0,1
2024-12-20,Friday,14650,2.4,0,1
2024-12-21,Saturday,14650,1.8,0,1
2024-12-22,Sunday,14650,26.2,0,1
2024-12-23,Monday,14650,19.6,0,1
2024-12-24,Tuesday,14650,35.3,0,1
2024-12-25,Wednesday,14650,8.5,0,1
2024-12-26,Thursday,14650,28.5,0,1
2024-12-27,Friday,14650,0.5,0,1
2024-12-28,Saturday,14650,23.6,0,1
2024-12-29,Sunday,14650,7.3,0,1
2024-12-30,Monday,14650,11.1,0,1
2024-12-31,Tuesday,14650,10.6,0,1
2025-01-01,Wednesday,14650,13.4,0,1
2025-01-02,Thursday,14650,0.6,0,1
2025-01-03,Friday,14650,1.9,0,1
2025-01-04,Saturday,14650,12.0,0,1
2025-01-05,Sunday,14650,30.9,0,1
2025-01-06,Monday,14650,13.3,0,1
2025-01-07,Tuesday,14650,15.4,0,1
2025-01-08,Wednesday,14650,15.2,0,0
2025-01-09,Thursday,14650,0.8,0,0
2025-01-10,Friday,14650,9.3,0,0
2025-01-11,Saturday,14650,0.9,0,0
2025-01-12,Sunday,14650,30.6,0,0
2025-01-13,Monday,14650,5.2,0,0
2025-01-14,Tuesday,14650,15.9,0,0
2025-01-15,Wednesday,14650,10.4,0,0
2025-01-16,Thursday,14650,2.4,0,0
2025-01-17,Friday,14650,4.0,0,0
2025-01-18,Saturday,14650,2.8,0,0
2025-01-19,Sunday,14650,25.0,0,0
2025-01-20,Monday,14650,20.0,0,0
2025-01-21,Tuesday,14650,11.8,0,0
2025-01-22,Wednesday,14650,2.2,0,0
2025-01-23,Thursday,14650,2.8,0,0
2025-01-24,Friday,14650,20.9,0,0
2025-01-25,Saturday,14650,6.0,0,0
2025-01-26,Sunday,14650,7.5,0,0
2025-01-27,Monday,14650,40.6,0,0
2025-01-28,Tuesday,14650,8.2,0,0
2025-01-29,Wednesday,14650,13.6,0,0
2025-01-30,Thursday,14650,2.3,0,0
2025-01-31,Friday,14650,0.4,0,0
2025-02-01,Saturday,14650,3.7,0,0
2025-02-02,Sunday,14650,9.9,0,0
2025-02-03,Monday,14650,0.0,0,0
2025-02-04,Tuesday,14650,0.1,0,0
2025-02-05,Wednesday,14650,0.9,0,0
2025-02-06,Thursday,14650,15.9,0,0
2025-02-07,Friday,14650,1.9,0,0
2025-02-08,Saturday,14650,5.6,0,0
2025-02-09,Sunday,14650,6.9,0,0
2025-02-10,Monday,14650,19.5,0,0
2025-02-11,Tuesday,14650,0.5,0,0
2025-02-12,Wednesday,14650,2.0,0,0
2025-02-13,Thursday,14650,3.3,0,0
2025-02-14,Friday,14650,7.7,0,0
2025-02-15,Saturday,14650,15.1,0,0
2025-02-16,Sunday,14650,29.6,0,0
2025-02-17,Monday,14650,25.2,0,0
2025-02-18,Tuesday,14650,1.0,0,0
2025-02-19,Wednesday,14650,21.6,0,0
2025-02-20,Thursday,14650,2.8,0,0
2025-02-21,Friday,14650,9.5,0,0
2025-02-22,Saturday,14649,23.2,0,0
2025-02-23,Sunday,14649,28.9,0,0
2025-02-24,Monday,14650,22.9,0,0
2025-02-25,Tuesday,14650,28.3,0,0
2025-02-26,Wednesday,14650,22.0,0,0
2025-02-27,Thursday,14650,10.6,0,0
2025-02-28,Friday,14650,6.1,0,0
2025-03-01,Saturday,14724,5.8,1,1
2025-03-02,Sunday,14829,7.2,1,1
2025-03-03,Monday,14900,16.4,1,1
2025-03-04,Tuesday,14900,14.6,1,1
2025-03-05,Wednesday,14900,1.7,1,1
2025-03-06,Thursday,14900,19.6,1,1
2025-03-07,Friday,14900,9.9,1,1
2025-03-08,Saturday,14901,22.9,1,1
2025-03-09,Sunday,14900,12.4,1,1
2025-03-10,Monday,14900,10.9,1,1
2025-03-11,Tuesday,14900,0.9,1,1
2025-03-12,Wednesday,14900,9.9,1,1
2025-03-13,Thursday,14900,0.7,1,1
2025-03-14,Friday,14900,10.0,1,1
2025-03-15,Saturday,14900,14.9,1,1
2025-03-16,Sunday,14900,5.8,1,1
2025-03-17,Monday,14900,5.5,1,1
2025-03-18,Tuesday,14900,8.3,1,1
2025-03-19,Wednesday,14900,13.7,1,1
2025-03-20,Thursday,14900,1.4,1,1
2025-03-21,Friday,14900,1.3,1,1
2025-03-22,Saturday,14900,13.7,1,1
2025-03-23,Sunday,14900,0.0,1,1
2025-03-24,Monday,14900,9.1,1,1
2025-03-25,Tuesday,14900,1.1,1,1
2025-03-26,Wednesday,14900,1.0,1,1
2025-03-27,Thursday,14900,13.2,1,1
2025-03-28,Friday,14900,34.4,1,1
2025-03-29,Saturday,14900,12.0,1,1
2025-03-30,Sunday,14900,1.1,1,1
2025-03-31,Monday,14900,3.1,1,1
2025-04-01,Tuesday,14900,1.5,1,1
2025-04-02,Wednesday,14900,4.5,1,1
2025-04-03,Thursday,14900,60.5,1,1
2025-04-04,Friday,14900,0.7,1,1
2025-04-05,Saturday,14900,0.4,1,1
2025-04-06,Sunday,14900,0.1,1,1
2025-04-07,Monday,14900,1.3,1,1
2025-04-08,Tuesday,14900,11.6,1,1
2025-04-09,Wednesday,14900,1.8,1,0
2025-04-10,Thursday,14900,19.5,1,0
2025-04-11,Friday,14900,14.5,1,0
2025-04-12,Saturday,14900,25.8,1,0
2025-04-13,Sunday,14900,25.5,1,0
2025-04-14,Monday,14900,14.2,1,0
2025-04-15,Tuesday,14900,0.2,1,0
2025-04-16,Wednesday,14900,0.2,1,0
2025-04-17,Thursday,14900,6.0,1,0
2025-04-18,Friday,14900,20.0,1,0
2025-04-19,Saturday,14900,6.6,1,0
2025-04-20,Sunday,14900,11.6,1,0
2025-04-21,Monday,14900,0.5,1,0
2025-04-22,Tuesday,14900,4.6,1,0
2025-04-23,Wednesday,14900,0.9,1,0
2025-04-24,Thursday,14900,6.0,1,0
2025-04-25,Friday,14900,0.7,1,0
2025-04-26,Saturday,14900,1.4,1,0
2025-04-27,Sunday,14900,0.4,1,0
2025-04-28,Monday,14900,0.0,1,0
2025-04-29,Tuesday,14900,0.4,1,0
2025-04-30,Wednesday,14900,1.7,1,0
2025-05-01,Thursday,14900,3.3,0,0
2025-05-02,Friday,14900,43.0,0,0
2025-05-03,Saturday,14900,17.5,0,0
2025-05-04,Sunday,14900,2.0,0,0
2025-05-05,Monday,14900,4.3,0,0
2025-05-06,Tuesday,14900,9.4,0,0
2025-05-07,Wednesday,14900,7.9,0,0
2025-05-08,Thursday,14900,15.5,0,0
2025-05-09,Friday,14900,31.1,0,0
2025-05-10,Saturday,14900,3.3,0,0
2025-05-11,Sunday,14900,3.0,0,0
2025-05-12,Monday,14900,10.0,0,0
2025-05-13,Tuesday,14900,19.6,0,0
2025-05-14,Wednesday,14900,9.6,0,0
2025-05-15,Thursday,14900,20.7,0,0
2025-05-16,Friday,14900,13.8,0,0
2025-05-17,Saturday,14900,12.5,0,0
2025-05-18,Sunday,14900,6.4,0,0
2025-05-19,Monday,14900,30.8,0,0
2025-05-20,Tuesday,14900,3.6,0,0
2025-05-21,Wednesday,14900,3.8,0,0
2025-05-22,Thursday,14900,12.5,0,0
2025-05-23,Friday,14900,20.5,0,0
2025-05-24,Saturday,14900,23.7,0,0
2025-05-25,Sunday,14900,8.9,0,0
2025-05-26,Monday,14900,11.4,0,0
2025-05-27,Tuesday,14900,1.9,0,0
2025-05-28,Wednesday,14900,0.4,0,0
2025-05-29,Thursday,14900,0.3,0,0
2025-05-30,Friday,14900,4.1,0,0
2025-05-31,Saturday,14900,21.9,0,0
2025-06-01,Sunday,14900,1.9,0,0
2025-06-02,Monday,14900,0.0,0,0
2025-06-03,Tuesday,14900,0.7,0,0
2025-06-04,Wednesday,14900,8.4,0,0
2025-06-05,Thursday,14900,1.3,0,0
2025-06-06,Friday,14900,0.0,0,0
2025-06-07,Saturday,14899,0.0,0,0
2025-06-08,Sunday,14899,7.4,0,0
2025-06-09,Monday,14900,0.4,0,0
2025-06-10,Tuesday,14900,5.2,0,0
2025-06-11,Wednesday,14900,7.0,0,0
2025-06-12,Thursday,14900,0.1,0,0
2025-06-13,Friday,14900,0.2,0,0
2025-06-14,Saturday,14899,10.3,0,0
2025-06-15,Sunday,14899,3.1,0,0
2025-06-16,Monday,14900,2.0,0,0
2025-06-17,Tuesday,14900,2.0,0,0
2025-06-18,Wednesday,14900,0.0,0,0
2025-06-19,Thursday,14900,0.0,0,0
2025-06-20,Friday,14900,3.2,0,0
2025-06-21,Saturday,14905,16.6,0,0
2025-06-22,Sunday,14904,13.0,0,0
2025-06-23,Monday,14900,1.5,0,0
2025-06-24,Tuesday,14900,0.0,0,0
2025-06-25,Wednesday,14900,1.1,0,0
2025-06-26,Thursday,15000,0.6,0,0
2025-06-27,Friday,15000,5.8,0,0
2025-06-28,Saturday,15034,7.9,0,0
2025-06-29,Sunday,15101,2.6,0,0
2025-06-30,Monday,15150,0.0,0,0
2025-07-01,Tuesday,15150,0.5,1,0
2025-07-02,Wednesday,15150,0.6,1,0
2025-07-03,Thursday,15150,0.5,1,0
2025-07-04,Friday,15150,1.0,1,0
2025-07-05,Saturday,15150,6.9,1,0
2025-07-06,Sunday,15150,2.6,1,0
2025-07-07,Monday,15150,5.3,1,0
2025-07-08,Tuesday,15150,0.1,1,0
2025-07-09,Wednesday,15150,0.6,1,0
2025-07-10,Thursday,15150,0.0,1,0
2025-07-11,Friday,15150,0.0,1,0
2025-07-12,Saturday,15150,0.0,1,0
2025-07-13,Sunday,15150,1.5,1,0
2025-07-14,Monday,15150,0.0,1,0
2025-07-15,Tuesday,15150,1.6,1,0
2025-07-16,Wednesday,15150,0.8,1,0
2025-07-17,Thursday,15150,0.6,1,0
2025-07-18,Friday,15150,0.3,1,0
2025-07-19,Saturday,15150,0.0,1,0
2025-07-20,Sunday,15150,0.0,1,0
2025-07-21,Monday,15150,0.0,1,0
2025-07-22,Tuesday,15150,0.0,1,0
2025-07-23,Wednesday,15150,0.2,1,0
2025-07-24,Thursday,15150,0.3,1,0
2025-07-25,Friday,15150,1.6,1,0
2025-07-26,Saturday,15150,1.8,1,0
2025-07-27,Sunday,15150,2.7,1,0
2025-07-28,Monday,15150,7.3,1,0
2025-07-29,Tuesday,15150,0.9,1,0
2025-07-30,Wednesday,15150,1.3,1,0
2025-07-31,Thursday,15150,0.5,1,0
2025-08-01,Friday,15150,0.0,1,0
2025-08-02,Saturday,15150,0.3,1,0
2025-08-03,Sunday,15150,7.7,1,0
2025-08-04,Monday,15150,10.1,1,0
2025-08-05,Tuesday,15150,5.5,1,0
2025-08-06,Wednesday,15150,0.0,1,0
2025-08-07,Thursday,15150,0.0,1,0
2025-08-08,Friday,15150,1.1,1,0
2025-08-09,Saturday,15150,0.9,1,0
2025-08-10,Sunday,15150,2.6,1,0
2025-08-11,Monday,15150,2.3,1,0
2025-08-12,Tuesday,15150,2.1,1,0
2025-08-13,Wednesday,15150,8.1,1,0
2025-08-14,Thursday,15150,0.0,1,0
2025-08-15,Friday,15150,0.0,1,0
2025-08-16,Saturday,15150,0.0,1,0
2025-08-17,Sunday,15150,0.0,1,0
2025-08-18,Monday,15150,4.1,1,0
2025-08-19,Tuesday,15150,28.8,1,0
2025-08-20,Wednesday,15150,2.3,1,0
2025-08-21,Thursday,15150,7.9,1,0
2025-08-22,Friday,15150,2.0,1,0
2025-08-23,Saturday,15151,0.3,1,0
2025-08-24,Sunday,15151,1.8,1,0
2025-08-25,Monday,15150,0.2,1,0
2025-08-26,Tuesday,15150,0.0,1,0
2025-08-27,Wednesday,15150,2.3,1,0
2025-08-28,Thursday,15150,0.8,1,0
2025-08-29,Friday,15150,0.5,1,0
2025-08-30,Saturday,15148,2.5,1,0
2025-08-31,Sunday,15148,1.0,1,0
2025-09-01,Monday,15150,0.8,0,0
2025-09-02,Tuesday,15150,0.3,0,0
2025-09-03,Wednesday,15150,0.0,0,0
2025-09-04,Thursday,15150,0.6,0,0
2025-09-05,Friday,15150,0.3,0,0
2025-09-06,Saturday,15073,0.1,0,0
2025-09-07,Sunday,14972,0.2,0,0
2025-09-08,Monday,14900,0.1,0,0
2025-09-09,Tuesday,14900,4.9,0,0
2025-09-10,Wednesday,14900,7.1,0,0
2025-09-11,Thursday,14900,31.2,0,0
2025-09-12,Friday,14900,1.2,0,0
2025-09-13,Saturday,14901,0.8,0,0
2025-09-14,Sunday,14900,0.5,0,0
2025-09-15,Monday,14900,1.1,0,0
2025-09-16,Tuesday,14900,5.4,0,0
2025-09-17,Wednesday,14900,5.7,0,0
2025-09-18,Thursday,14900,23.5,0,0
2025-09-19,Friday,14900,7.2,0,0
2025-09-20,Saturday,14900,1.0,0,0
2025-09-21,Sunday,14900,10.6,0,0
2025-09-22,Monday,14900,0.0,0,0
2025-09-23,Tuesday,14900,0.0,0,0
2025-09-24,Wednesday,14900,0.7,0,0
2025-09-25,Thursday,14900,3.4,0,0
2025-09-26,Friday,14900,2.6,0,0
2025-09-27,Saturday,14900,0.9,0,0
2025-09-28,Sunday,14900,5.8,0,0
2025-09-29,Monday,14900,17.3,0,0
2025-09-30,Tuesday,14900,6.8,0,0
2025-10-01,Wednesday,14900,15.5,0,0
2025-10-02,Thursday,14900,8.4,0,0
2025-10-03,Friday,14900,0.6,0,0
2025-10-04,Saturday,14900,0.0,0,0
2025-10-05,Sunday,14900,3.8,0,0
2025-10-06,Monday,14900,1.5,0,0
2025-10-07,Tuesday,14900,3.0,0,0
2025-10-08,Wednesday,14900,1.8,0,0
2025-10-09,Thursday,14900,2.1,0,0
2025-10-10,Friday,14900,0.7,0,0
2025-10-11,Saturday,14900,1.1,0,0
2025-10-12,Sunday,14900,9.8,0,0
2025-10-13,Monday,14900,7.0,0,0
2025-10-14,Tuesday,14900,4.5,0,0
2025-10-15,Wednesday,14900,4.3,0,0
2025-10-16,Thursday,14900,1.5,0,0
2025-10-17,Friday,14900,8.0,0,0
2025-10-18,Saturday,14900,5.9,0,0
2025-10-19,Sunday,14900,5.3,0,0
2025-10-20,Monday,14900,14.5,0,0
2025-10-21,Tuesday,14900,34.3,0,0
2025-10-22,Wednesday,14900,22.1,0,0
2025-10-23,Thursday,14900,13.4,0,0
2025-10-24,Friday,14900,35.8,0,0
2025-10-25,Saturday,14900,23.2,0,0
2025-10-26,Sunday,14900,40.9,0,0
2025-10-27,Monday,14900,8.5,0,0
2025-10-28,Tuesday,14900,23.4,0,0
2025-10-29,Wednesday,14900,5.8,0,0
2025-10-30,Thursday,14900,9.2,0,0
2025-10-31,Friday,14900,24.5,0,0
2025-11-01,Saturday,14900,13.5,0,0
2025-11-02,Sunday,14900,20.5,0,0
2025-11-03,Monday,14900,21.9,0,0
2025-11-04,Tuesday,14900,27.2,0,0
2025-11-05,Wednesday,14900,17.4,0,0
2025-11-06,Thursday,14900,32.5,0,0
2025-11-07,Friday,14900,6.8,0,0
2025-11-08,Saturday,14900,43.3,0,0
2025-11-09,Sunday,14900,18.3,0,0
2025-11-10,Monday,14900,5.8,0,0
2025-11-11,Tuesday,14900,18.7,0,0
2025-11-12,Wednesday,14900,20.3,0,0
2025-11-13,Thursday,14900,12.2,0,0
2025-11-14,Friday,14900,16.4,0,0
2025-11-15,Saturday,14900,9.5,0,0
2025-11-16,Sunday,14900,14.1,0,0
2025-11-17,Monday,14900,4.4,0,0
2025-11-18,Tuesday,14900,13.0,0,0
2025-11-19,Wednesday,14900,32.7,0,0
2025-11-20,Thursday,14900,22.7,0,0
2025-11-21,Friday,14900,29.8,0,0
2025-11-22,Saturday,14900,1.7,0,0
2025-11-23,Sunday,14900,10.5,0,0
2025-11-24,Monday,14900,12.6,0,0
2025-11-25,Tuesday,14900,0.0,0,0
2025-11-26,Wednesday,14900,3.6,0,0
2025-11-27,Thursday,14900,2.9,0,0
2025-11-28,Friday,14900,0.5,0,0
2025-11-29,Saturday,14900,1.3,0,0
2025-11-30,Sunday,14900,1.8,0,0
2025-12-01,Monday,14900,1.0,0,0
2025-12-02,Tuesday,14900,11.9,0,0
2025-12-03,Wednesday,14900,24.8,0,0
2025-12-04,Thursday,14900,18.0,0,0
2025-12-05,Friday,14900,9.7,0,0
2025-12-06,Saturday,14900,24.8,0,0
2025-12-07,Sunday,14900,4.9,0,0
2025-12-08,Monday,14900,10.7,0,0
2025-12-09,Tuesday,14900,7.6,0,0
2025-12-10,Wednesday,14900,1.0,0,0
2025-12-11,Thursday,14900,0.8,0,0
2025-12-12,Friday,14900,0.4,0,0
2025-12-13,Saturday,14900,1.2,0,0
2025-12-14,Sunday,14900,1.6,0,0
2025-12-15,Monday,14900,1.1,0,0
2025-12-16,Tuesday,14900,0.7,0,0
2025-12-17,Wednesday,14900,2.9,0,0
2025-12-18,Thursday,14900,4.4,0,1
2025-12-19,Friday,14900,0.6,0,1
2025-12-20,Saturday,14900,8.0,0,1
2025-12-21,Sunday,14900,1.0,0,1
2025-12-22,Monday,14900,4.5,0,1
2025-12-23,Tuesday,14900,2.9,0,1
2025-12-24,Wednesday,14900,3.3,0,1
2025-12-25,Thursday,14900,4.2,0,1
2025-12-26,Friday,14900,8.5,0,1
2025-12-27,Saturday,14900,20.0,0,1
2025-12-28,Sunday,14900,1.6,0,1
2025-12-29,Monday,14900,2.1,0,1
2025-12-30,Tuesday,14900,1.5,0,1
2025-12-31,Wednesday,14900,7.0,0,1
